Country,Region,Hemisphere,HappinessScore,HDI,GDP_PerCapita,Beer_PerCapita,Spirit_PerCapita,Wine_PerCapita
Senegal,Sub-Saharan Africa,north,4.219,499,0.953,9,1,7
Tanzania,Sub-Saharan Africa,south,3.666,533,0.878,36,6,1
Benin,Sub-Saharan Africa,north,3.484,512,0.789,34,4,13
Mali,Sub-Saharan Africa,north,4.073,421,0.78,5,1,1
Comoros,Sub-Saharan Africa,south,3.956,502,0.775,1,3,1
Haiti,Latin America and Caribbean,north,4.028,496,0.735,1,326,1
Chad,Sub-Saharan Africa,north,3.763,405,0.651,15,1,1
Burkina Faso,Sub-Saharan Africa,north,3.739,420,0.614,25,7,7
Togo,Sub-Saharan Africa,north,3.303,500,0.577,36,2,19
Rep. Congo,Sub-Saharan Africa,south,4.236,612,0.498,76,1,9
Sierra Leone,Sub-Saharan Africa,north,4.635,413,0.481,25,3,2
Liberia,Sub-Saharan Africa,north,3.622,432,0.455,19,152,2
Madagascar,Sub-Saharan Africa,south,3.695,517,0.402,26,15,4
Niger,Sub-Saharan Africa,north,3.856,351,0.368,3,2,1
Malawi,Sub-Saharan Africa,south,4.156,474,0.3,8,11,1
Luxembourg,Western Europe,north,6.871,904,100.739,236,133,271
Switzerland,Western Europe,north,7.509,943,79.866,185,100,280
Norway,Western Europe,north,7.498,951,70.89,169,71,129
Ireland,Western Europe,north,6.907,934,64.1,313,118,165
Iceland,Western Europe,north,7.501,933,60.53,233,61,78
Qatar,Middle East and Northern Africa,north,6.375,855,59.324,1,42,7
United States,North America,north,7.104,922,57.589,249,158,84
Singapore,Southeastern Asia,north,6.739,930,55.243,60,12,11
Denmark,Western Europe,north,7.526,928,53.579,224,81,278
Sweden,Western Europe,north,7.291,932,51.845,152,60,186
Australia,Australia and New Zealand,south,7.313,938,49.897,261,72,212
Netherlands,Western Europe,north,7.339,928,45.638,251,88,190
Austria,Western Europe,north,7.119,906,44.731,279,75,191
Finland,Western Europe,north,7.413,918,43.433,263,133,97
Canada,North America,north,7.404,922,42.349,240,122,100
Germany,Western Europe,north,6.994,934,42.233,346,117,175
Belgium,Western Europe,north,6.929,915,41.261,295,84,212
United Kingdom,Western Europe,north,6.725,920,40.412,219,126,195
New Zealand,Australia and New Zealand,south,7.334,915,40.332,203,79,175
Japan,Eastern Asia,noth,5.921,907,38.972,77,202,16
United Arab Emirates,Middle East and Northern Africa,north,6.573,862,38.518,16,135,5
Israel,Middle East and Northern Africa,north,7.267,902,37.181,63,69,9
France,Western Europe,north,6.478,899,36.87,127,151,370
Italy,Western Europe,north,5.977,878,30.669,85,42,237
South Korea,Eastern Asia,noth,5.835,900,27.105,140,16,9
Spain,Western Europe,north,6.361,889,26.617,284,157,112
Malta,Western Europe,north,6.488,875,24.771,149,100,120
Cyprus,Western Europe,north,5.546,867,23.541,192,154,113
Bahrain,Middle East and Northern Africa,north,6.218,846,22.561,42,63,7
Slovenia,Central and Eastern Europe,north,5.768,894,21.65,270,51,276
Portugal,Western Europe,north,5.123,845,19.872,194,67,339
Czech Republic,Central and Eastern Europe,north,6.596,885,18.484,361,170,134
Greece,Western Europe,north,5.033,868,17.882,133,112,218
Estonia,Central and Eastern Europe,north,5.517,868,17.737,224,194,59
Slovakia,Central and Eastern Europe,north,6.078,853,16.53,196,293,116
Trinidad and Tobago,Latin America and Caribbean,north,6.168,785,16.352,197,156,7
Venezuela,Latin America and Caribbean,north,6.084,766,15.692,333,100,3
Uruguay,Latin America and Caribbean,south,6.545,802,15.298,115,35,220
Lithuania,Central and Eastern Europe,north,5.813,855,14.913,343,244,56
Panama,Latin America and Caribbean,north,6.701,785,14.333,285,104,18
Latvia,Central and Eastern Europe,north,5.56,844,14.07,281,216,62
Chile,Latin America and Caribbean,south,6.705,842,13.961,130,124,172
Hungary,Central and Eastern Europe,north,5.145,835,12.82,234,215,185
Argentina,Latin America and Caribbean,south,6.65,822,12.654,193,25,221
Poland,Central and Eastern Europe,north,5.835,860,12.415,343,215,56
Croatia,Central and Eastern Europe,north,5.488,828,12.299,230,87,254
Costa Rica,Latin America and Caribbean,north,7.087,791,11.733,149,87,11
Turkey,Middle East and Northern Africa,north,5.389,787,10.863,51,22,7
Mauritius,Sub-Saharan Africa,north,5.648,788,9.682,98,31,18
Romania,Central and Eastern Europe,north,5.528,807,9.532,297,122,167
Russian Federation,Central and Eastern Europe,north,5.856,815,8.748,247,326,73
Brazil,Latin America and Caribbean,both,6.952,758,8.639,245,145,16
Mexico,Latin America and Caribbean,north,6.778,772,8.444,238,68,5
Lebanon,Middle East and Northern Africa,north,5.129,753,8.257,20,55,31
China,Eastern Asia,noth,5.245,748,8.117,79,192,8
Kazakhstan,Central and Eastern Europe,north,5.919,797,7.715,124,246,12
Bulgaria,Central and Eastern Europe,north,4.217,810,7.469,231,252,94
Gabon,Sub-Saharan Africa,south,4.121,698,7.079,347,98,59
Montenegro,Central and Eastern Europe,north,5.161,810,7.029,31,114,128
Botswana,Sub-Saharan Africa,south,3.974,712,6.954,173,35,35
Dominican Republic,Latin America and Caribbean,north,5.155,733,6.794,193,147,9
Turkmenistan,Central and Eastern Europe,north,5.658,705,6.389,19,71,32
Peru,Latin America and Caribbean,both,5.743,748,6.031,163,160,21
Ecuador,Latin America and Caribbean,both,5.976,749,6.019,162,74,3
Thailand,Southeastern Asia,north,6.474,748,5.979,99,258,1
Suriname,Latin America and Caribbean,north,6.269,719,5.871,128,178,7
Colombia,Latin America and Caribbean,both,6.481,747,5.757,159,76,3
Serbia,Central and Eastern Europe,north,5.177,785,5.426,283,131,127
South Africa,Sub-Saharan Africa,south,4.459,696,5.28,225,76,81
Belarus,Central and Eastern Europe,north,5.802,805,5.023,142,373,42
Belize,Latin America and Caribbean,north,5.956,709,4.96,263,114,8
Jamaica,Latin America and Caribbean,north,5.51,732,4.879,82,97,9
Macedonia,Central and Eastern Europe,north,5.121,756,4.834,106,27,86
Bosnia and Herzegovina,Central and Eastern Europe,north,5.163,766,4.809,76,173,8
Namibia,Sub-Saharan Africa,south,4.574,645,4.561,376,3,1
Guatemala,Latin America and Caribbean,north,6.324,649,4.141,53,69,2
Albania,Central and Eastern Europe,north,4.655,782,4.132,89,132,54
Jordan,Middle East and Northern Africa,north,5.303,735,4.088,6,21,1
Paraguay,Latin America and Caribbean,south,5.538,702,4.078,213,117,74
Azerbaijan,Central and Eastern Europe,north,5.291,757,3.881,21,46,5
Georgia,Central and Eastern Europe,north,4.252,776,3.866,52,100,149
El Salvador,Latin America and Caribbean,north,6.068,679,3.769,52,69,2
Mongolia,Eastern Asia,noth,4.907,743,3.694,77,189,8
Tunisia,Middle East and Northern Africa,north,5.045,732,3.689,51,3,20
Armenia,Central and Eastern Europe,north,4.36,749,3.606,21,179,11
Egypt,Middle East and Northern Africa,north,4.362,694,3.548,6,4,1
Angola,Sub-Saharan Africa,south,3.866,577,3.309,217,57,45
Bolivia,Latin America and Caribbean,south,5.822,689,3.117,167,41,8
Philippines,Southeastern Asia,north,5.279,696,2.951,71,186,1
Morocco,Middle East and Northern Africa,north,5.151,662,2.893,12,6,10
Honduras,Latin America and Caribbean,north,4.871,614,2.375,69,98,2
Ukraine,Central and Eastern Europe,north,4.324,746,2.186,206,237,45
Nigeria,Sub-Saharan Africa,north,4.875,530,2.176,42,5,2
Vietnam,Southeastern Asia,north,5.061,689,2.171,111,2,1
Nicaragua,Latin America and Caribbean,north,5.992,657,2.144,78,118,1
Uzbekistan,Central and Eastern Europe,north,5.987,703,2.106,25,101,8
Syria,Middle East and Northern Africa,north,3.069,536,2.058,5,35,16
Moldova,Central and Eastern Europe,north,5.897,697,1.913,109,226,18
Dem. Rep. Congo,Sub-Saharan Africa,south,4.272,452,1.712,32,3,1
Cote d'Ivoire,Sub-Saharan Africa,north,3.916,486,1.535,37,1,7
Ghana,Sub-Saharan Africa,north,4.276,588,1.517,31,3,10
Kenya,Sub-Saharan Africa,both,4.356,585,1.463,58,22,2
Cameroon,Sub-Saharan Africa,south,4.513,553,1.375,147,1,4
Cambodia,Southeastern Asia,north,3.907,576,1.27,57,65,1
Zambia,Sub-Saharan Africa,south,4.795,586,1.263,32,19,4
Kyrgyzstan,Central and Eastern Europe,north,5.185,669,1.22,31,97,6
Zimbabwe,Sub-Saharan Africa,south,4.193,532,1.029,64,18,4