"","X","age","job","maritalStatus","education","defaultedCredit","balance","housingLoan","personalLoan","contactType","day_of_month","month","numberTimesContactedInCampaign","daysSinceLastContact","totalTimesContacted","outcomeLastCampaign","subscribed"
"1",1,59,"admin.","married","secondary","no",2343,"yes","no","unknown",5,"may",1,-1,0,"unknown","yes"
"2",2,56,"admin.","married","secondary","no",45,"no","no","unknown",5,"may",1,-1,0,"unknown","yes"
"3",3,41,"technician","married","secondary","no",1270,"yes","no","unknown",5,"may",1,-1,0,"unknown","yes"
"4",4,55,"services","married","secondary","no",2476,"yes","no","unknown",5,"may",1,-1,0,"unknown","yes"
"5",5,54,"admin.","married","tertiary","no",184,"no","no","unknown",5,"may",2,-1,0,"unknown","yes"
"6",6,42,"management","single","tertiary","no",NA,"yes","yes","unknown",5,"may",2,-1,0,"unknown","yes"
