Islington Wards,Mean Yearly Income (GBP),Mean Age (yrs)
Barnsbury,"£59,110",35.00762233
Bunhill,"£51,010",33.014072
Caledonian,"£46,470",34.25834773
Canonbury,"£52,840",35.13957919
Clerkenwell,"£56,790",34.84952132
Finsbury Park,"£44,120",33.53914194
Highbury East,"£63,400",35.50309438
Highbury West,"£57,280",33.40259481
Hillrise,"£50,650",34.98414448
Holloway,"£45,780",33.47587266
Junction,"£51,350",35.90303534
Mildmay,"£51,240",33.5624371
St George's,"£53,310",35.20895161
St Mary's,"£60,870",35.81182377
St Peter's,"£57,940",35.64582981
Tollington,"£49,370",34.20404177