{"schema": {"fields":[{"name":"index","type":"integer"},{"name":"Name","type":"string"},{"name":"Grade","type":"number"}],"primaryKey":["index"],"pandas_version":"0.20.0"}, "data": [{"index":0,"Name":"Marcia","Grade":82.4},{"index":1,"Name":"Kadeem","Grade":78.2},{"index":2,"Name":"Nash","Grade":79.3},{"index":3,"Name":"Noelani","Grade":83.2},{"index":4,"Name":"Noelani","Grade":87.4},{"index":5,"Name":"Neil","Grade":88.7},{"index":6,"Name":"Nelle","Grade":80.2},{"index":7,"Name":"Armando","Grade":95.1},{"index":8,"Name":"Illiana","Grade":76.5},{"index":9,"Name":"Neil","Grade":89.7},{"index":10,"Name":"Daquan","Grade":85.2},{"index":11,"Name":"Nola","Grade":75.3},{"index":12,"Name":"Quinn","Grade":80.7},{"index":13,"Name":"Frances","Grade":84.2},{"index":14,"Name":"Lareina","Grade":87.6},{"index":15,"Name":"Medge","Grade":75.8},{"index":16,"Name":"Kibo","Grade":88.2},{"index":17,"Name":"Libby","Grade":100.0},{"index":18,"Name":"Shelly","Grade":84.3},{"index":19,"Name":"Lane","Grade":84.2},{"index":20,"Name":"Isadora","Grade":79.1},{"index":21,"Name":"Maggy","Grade":90.5},{"index":22,"Name":"Elton","Grade":71.0},{"index":23,"Name":"Lance","Grade":90.3},{"index":24,"Name":"Kyle","Grade":82.4},{"index":25,"Name":"Colin","Grade":83.8},{"index":26,"Name":"Solomon","Grade":94.5},{"index":27,"Name":"Ulla","Grade":83.5},{"index":28,"Name":"Tyler","Grade":69.7},{"index":29,"Name":"Emma","Grade":91.1},{"index":30,"Name":"Isaiah","Grade":91.9},{"index":31,"Name":"Carol","Grade":85.0},{"index":32,"Name":"Georgia","Grade":99.0},{"index":33,"Name":"Doris","Grade":93.2},{"index":34,"Name":"Eric","Grade":71.9},{"index":35,"Name":"Cain","Grade":85.3},{"index":36,"Name":"Ivor","Grade":100.0},{"index":37,"Name":"Devin","Grade":98.1},{"index":38,"Name":"Rebekah","Grade":68.9},{"index":39,"Name":"Cameran","Grade":75.4},{"index":40,"Name":"Norman","Grade":76.8},{"index":41,"Name":"Lenore","Grade":74.0},{"index":42,"Name":"Keelie","Grade":81.0},{"index":43,"Name":"Hilel","Grade":95.2},{"index":44,"Name":"Dolan","Grade":64.2},{"index":45,"Name":"Rhea","Grade":95.0},{"index":46,"Name":"Fulton","Grade":71.2},{"index":47,"Name":"Kiayada","Grade":74.9},{"index":48,"Name":"Aurelia","Grade":72.1},{"index":49,"Name":"Nero","Grade":87.8},{"index":50,"Name":"Aladdin","Grade":82.6},{"index":51,"Name":"Beau","Grade":85.1},{"index":52,"Name":"Octavius","Grade":81.3},{"index":53,"Name":"Allen","Grade":89.4},{"index":54,"Name":"Basil","Grade":86.4},{"index":55,"Name":"Reese","Grade":83.5},{"index":56,"Name":"Tate","Grade":67.7},{"index":57,"Name":"Jonah","Grade":89.9},{"index":58,"Name":"Ingrid","Grade":72.6},{"index":59,"Name":"Tanner","Grade":89.1},{"index":60,"Name":"Oleg","Grade":71.3},{"index":61,"Name":"Piper","Grade":61.4},{"index":62,"Name":"Genevieve","Grade":67.3},{"index":63,"Name":"Lilah","Grade":85.9},{"index":64,"Name":"Illiana","Grade":86.0},{"index":65,"Name":"Warren","Grade":76.3},{"index":66,"Name":"Regan","Grade":77.4},{"index":67,"Name":"Justin","Grade":77.5},{"index":68,"Name":"Isaiah","Grade":65.3},{"index":69,"Name":"Daryl","Grade":93.8},{"index":70,"Name":"Barbara","Grade":82.7},{"index":71,"Name":"Christine","Grade":91.9},{"index":72,"Name":"Iola","Grade":88.4},{"index":73,"Name":"Lars","Grade":67.9},{"index":74,"Name":"Jaden","Grade":84.5},{"index":75,"Name":"Signe","Grade":76.7},{"index":76,"Name":"Deanna","Grade":83.2},{"index":77,"Name":"Quemby","Grade":100.0},{"index":78,"Name":"Shafira","Grade":85.3},{"index":79,"Name":"Ariana","Grade":70.9},{"index":80,"Name":"Hoyt","Grade":71.3},{"index":81,"Name":"Justin","Grade":83.5},{"index":82,"Name":"Phelan","Grade":74.9},{"index":83,"Name":"Honorato","Grade":73.3},{"index":84,"Name":"Hashim","Grade":77.9},{"index":85,"Name":"Porter","Grade":90.4},{"index":86,"Name":"Joan","Grade":96.6},{"index":87,"Name":"Alexa","Grade":81.2},{"index":88,"Name":"Sean","Grade":67.7},{"index":89,"Name":"Lucius","Grade":88.0},{"index":90,"Name":"Sydnee","Grade":99.4},{"index":91,"Name":"Allistair","Grade":67.0},{"index":92,"Name":"Alyssa","Grade":93.0},{"index":93,"Name":"Cody","Grade":69.0},{"index":94,"Name":"Bernard","Grade":78.3},{"index":95,"Name":"Jonah","Grade":74.9},{"index":96,"Name":"Yen","Grade":87.9},{"index":97,"Name":"Cassidy","Grade":92.0},{"index":98,"Name":"Gisela","Grade":68.0},{"index":99,"Name":"Yetta","Grade":89.2},{"index":100,"Name":"Gabriel","Grade":91.3},{"index":101,"Name":"Sage","Grade":100.0},{"index":102,"Name":"Shannon","Grade":83.7},{"index":103,"Name":"Sigourney","Grade":82.5},{"index":104,"Name":"Adrienne","Grade":77.3},{"index":105,"Name":"Chaney","Grade":93.6},{"index":106,"Name":"Fritz","Grade":93.2},{"index":107,"Name":"Clinton","Grade":88.4},{"index":108,"Name":"Lara","Grade":95.6},{"index":109,"Name":"Sophia","Grade":100.0},{"index":110,"Name":"Kaye","Grade":94.9},{"index":111,"Name":"Quinlan","Grade":73.3},{"index":112,"Name":"Xanthus","Grade":95.5},{"index":113,"Name":"Hamilton","Grade":96.6},{"index":114,"Name":"Zeus","Grade":88.8},{"index":115,"Name":"Valentine","Grade":92.2},{"index":116,"Name":"Zahir","Grade":92.0},{"index":117,"Name":"Debra","Grade":66.3},{"index":118,"Name":"Clio","Grade":65.3},{"index":119,"Name":"Cathleen","Grade":73.4},{"index":120,"Name":"Yolanda","Grade":94.0},{"index":121,"Name":"Guinevere","Grade":84.2},{"index":122,"Name":"Keelie","Grade":88.4},{"index":123,"Name":"Bethany","Grade":73.1},{"index":124,"Name":"Salvador","Grade":84.2},{"index":125,"Name":"Violet","Grade":62.6},{"index":126,"Name":"Lewis","Grade":92.6},{"index":127,"Name":"Lunea","Grade":91.6},{"index":128,"Name":"Shaeleigh","Grade":92.4},{"index":129,"Name":"Nathan","Grade":79.1},{"index":130,"Name":"Stella","Grade":76.2},{"index":131,"Name":"Kelly","Grade":90.9},{"index":132,"Name":"Yael","Grade":85.2},{"index":133,"Name":"Zena","Grade":80.1},{"index":134,"Name":"Chaney","Grade":89.3},{"index":135,"Name":"Conan","Grade":66.8},{"index":136,"Name":"Jamalia","Grade":77.8},{"index":137,"Name":"Shana","Grade":95.0},{"index":138,"Name":"Merrill","Grade":76.3},{"index":139,"Name":"Gregory","Grade":86.8},{"index":140,"Name":"Rebecca","Grade":82.5},{"index":141,"Name":"Sheila","Grade":97.1},{"index":142,"Name":"Dane","Grade":87.4},{"index":143,"Name":"Connor","Grade":90.7},{"index":144,"Name":"Baxter","Grade":75.1},{"index":145,"Name":"Jorden","Grade":90.2},{"index":146,"Name":"Hu","Grade":84.2},{"index":147,"Name":"Maite","Grade":74.0},{"index":148,"Name":"Alfreda","Grade":71.6},{"index":149,"Name":"Dexter","Grade":68.9},{"index":150,"Name":"Sawyer","Grade":69.4},{"index":151,"Name":"Maggie","Grade":77.3},{"index":152,"Name":"Hashim","Grade":71.8},{"index":153,"Name":"Darius","Grade":86.3},{"index":154,"Name":"Rosalyn","Grade":88.3},{"index":155,"Name":"Jordan","Grade":72.1},{"index":156,"Name":"Chase","Grade":81.1},{"index":157,"Name":"Jane","Grade":93.7},{"index":158,"Name":"Grant","Grade":79.0},{"index":159,"Name":"Darius","Grade":93.3},{"index":160,"Name":"Arthur","Grade":96.9},{"index":161,"Name":"Hedda","Grade":82.3},{"index":162,"Name":"Farrah","Grade":91.3},{"index":163,"Name":"Bree","Grade":83.3},{"index":164,"Name":"Elton","Grade":97.8},{"index":165,"Name":"Ciaran","Grade":100.0},{"index":166,"Name":"Miranda","Grade":80.6},{"index":167,"Name":"Geraldine","Grade":84.9},{"index":168,"Name":"Callie","Grade":71.9},{"index":169,"Name":"Jelani","Grade":94.1},{"index":170,"Name":"Solomon","Grade":91.1},{"index":171,"Name":"Callie","Grade":77.0},{"index":172,"Name":"Carson","Grade":75.4},{"index":173,"Name":"Joseph","Grade":81.8},{"index":174,"Name":"Britanni","Grade":89.7},{"index":175,"Name":"Raja","Grade":82.5},{"index":176,"Name":"Quail","Grade":68.0},{"index":177,"Name":"Dana","Grade":82.7},{"index":178,"Name":"Evangeline","Grade":88.9},{"index":179,"Name":"Slade","Grade":93.1},{"index":180,"Name":"Latifah","Grade":81.0},{"index":181,"Name":"Beverly","Grade":89.7},{"index":182,"Name":"Solomon","Grade":90.3},{"index":183,"Name":"Nyssa","Grade":80.2},{"index":184,"Name":"Lars","Grade":84.3},{"index":185,"Name":"Halla","Grade":80.5},{"index":186,"Name":"Gay","Grade":75.0},{"index":187,"Name":"Ariana","Grade":99.1},{"index":188,"Name":"Victor","Grade":76.4},{"index":189,"Name":"Jocelyn","Grade":72.7},{"index":190,"Name":"Hoyt","Grade":89.9},{"index":191,"Name":"Mohammad","Grade":99.6},{"index":192,"Name":"Russell","Grade":73.4},{"index":193,"Name":"Chava","Grade":91.5},{"index":194,"Name":"Danielle","Grade":64.3},{"index":195,"Name":"Hector","Grade":68.8},{"index":196,"Name":"Ocean","Grade":88.0},{"index":197,"Name":"Jescie","Grade":77.0},{"index":198,"Name":"Ciara","Grade":88.0},{"index":199,"Name":"Nigel","Grade":77.0},{"index":200,"Name":"Michelle","Grade":90.3},{"index":201,"Name":"Maris","Grade":68.2},{"index":202,"Name":"Jarrod","Grade":79.6},{"index":203,"Name":"Hanna","Grade":90.8},{"index":204,"Name":"Timon","Grade":98.0},{"index":205,"Name":"Ginger","Grade":84.6},{"index":206,"Name":"Nathan","Grade":74.3},{"index":207,"Name":"Madaline","Grade":78.2},{"index":208,"Name":"Dante","Grade":87.3},{"index":209,"Name":"Colette","Grade":81.1},{"index":210,"Name":"Keith","Grade":86.0},{"index":211,"Name":"Channing","Grade":65.3},{"index":212,"Name":"Dexter","Grade":75.2},{"index":213,"Name":"Kermit","Grade":90.8},{"index":214,"Name":"Anthony","Grade":61.6},{"index":215,"Name":"Keaton","Grade":72.7},{"index":216,"Name":"Adam","Grade":74.9},{"index":217,"Name":"TaShya","Grade":87.5},{"index":218,"Name":"Breanna","Grade":86.0},{"index":219,"Name":"Xanthus","Grade":88.9},{"index":220,"Name":"Audrey","Grade":90.5},{"index":221,"Name":"Marshall","Grade":86.3},{"index":222,"Name":"Destiny","Grade":91.9},{"index":223,"Name":"Conan","Grade":85.2},{"index":224,"Name":"Venus","Grade":77.0},{"index":225,"Name":"Naida","Grade":70.3},{"index":226,"Name":"Uriah","Grade":100.0},{"index":227,"Name":"Barry","Grade":69.3},{"index":228,"Name":"Hall","Grade":71.9},{"index":229,"Name":"Harriet","Grade":76.1},{"index":230,"Name":"Christopher","Grade":77.9},{"index":231,"Name":"Regina","Grade":94.7},{"index":232,"Name":"Nicole","Grade":80.5},{"index":233,"Name":"Devin","Grade":88.5},{"index":234,"Name":"Natalie","Grade":90.8},{"index":235,"Name":"Rahim","Grade":76.1},{"index":236,"Name":"Teagan","Grade":91.3},{"index":237,"Name":"Jenette","Grade":81.0},{"index":238,"Name":"Brenna","Grade":89.0},{"index":239,"Name":"Hayley","Grade":87.3},{"index":240,"Name":"Allistair","Grade":80.8},{"index":241,"Name":"Jackson","Grade":79.5},{"index":242,"Name":"Sylvia","Grade":73.2},{"index":243,"Name":"Dante","Grade":63.4},{"index":244,"Name":"Wynne","Grade":71.4},{"index":245,"Name":"Lester","Grade":82.0},{"index":246,"Name":"Sage","Grade":77.4},{"index":247,"Name":"Raja","Grade":90.6},{"index":248,"Name":"Ciara","Grade":86.8},{"index":249,"Name":"Phyllis","Grade":100.0},{"index":250,"Name":"Kennedy","Grade":83.0},{"index":251,"Name":"Shaeleigh","Grade":81.7},{"index":252,"Name":"Rose","Grade":100.0},{"index":253,"Name":"Portia","Grade":80.9},{"index":254,"Name":"Kasper","Grade":71.9},{"index":255,"Name":"Lamar","Grade":95.0},{"index":256,"Name":"Rylee","Grade":88.4},{"index":257,"Name":"Kasimir","Grade":75.0},{"index":258,"Name":"Xyla","Grade":87.9},{"index":259,"Name":"Gavin","Grade":77.9},{"index":260,"Name":"Shellie","Grade":84.4},{"index":261,"Name":"Lydia","Grade":78.1},{"index":262,"Name":"Cain","Grade":83.6},{"index":263,"Name":"Megan","Grade":90.4},{"index":264,"Name":"Noah","Grade":84.3},{"index":265,"Name":"Wynne","Grade":76.0},{"index":266,"Name":"Caldwell","Grade":95.3},{"index":267,"Name":"Keith","Grade":84.2},{"index":268,"Name":"Alma","Grade":99.3},{"index":269,"Name":"Josephine","Grade":99.2},{"index":270,"Name":"Forrest","Grade":87.2},{"index":271,"Name":"Perry","Grade":87.5},{"index":272,"Name":"Cody","Grade":75.3},{"index":273,"Name":"Camden","Grade":82.7},{"index":274,"Name":"Eve","Grade":83.7},{"index":275,"Name":"Leslie","Grade":90.3},{"index":276,"Name":"Declan","Grade":76.5},{"index":277,"Name":"Roth","Grade":90.4},{"index":278,"Name":"Nathan","Grade":71.2},{"index":279,"Name":"Elvis","Grade":80.7},{"index":280,"Name":"Germaine","Grade":95.2},{"index":281,"Name":"Audra","Grade":78.5},{"index":282,"Name":"Lavinia","Grade":74.6},{"index":283,"Name":"Kadeem","Grade":73.3},{"index":284,"Name":"Roth","Grade":77.6},{"index":285,"Name":"Chava","Grade":93.0},{"index":286,"Name":"Mary","Grade":74.0},{"index":287,"Name":"Dylan","Grade":74.1},{"index":288,"Name":"Haley","Grade":71.1},{"index":289,"Name":"Thomas","Grade":84.0},{"index":290,"Name":"Jayme","Grade":78.4},{"index":291,"Name":"Hall","Grade":92.2},{"index":292,"Name":"Amanda","Grade":88.5},{"index":293,"Name":"Ria","Grade":76.5},{"index":294,"Name":"Illiana","Grade":69.8},{"index":295,"Name":"Vanna","Grade":76.5},{"index":296,"Name":"Nathan","Grade":77.1},{"index":297,"Name":"Jane","Grade":74.5},{"index":298,"Name":"Christopher","Grade":84.5},{"index":299,"Name":"Fiona","Grade":77.5},{"index":300,"Name":"Jemima","Grade":74.9},{"index":301,"Name":"Raven","Grade":87.0},{"index":302,"Name":"Quintessa","Grade":69.4},{"index":303,"Name":"Kamal","Grade":100.0},{"index":304,"Name":"Cassandra","Grade":79.5},{"index":305,"Name":"Hayes","Grade":74.0},{"index":306,"Name":"Jana","Grade":82.6},{"index":307,"Name":"Janna","Grade":77.0},{"index":308,"Name":"Britanni","Grade":80.7},{"index":309,"Name":"Hanna","Grade":96.6},{"index":310,"Name":"Honorato","Grade":90.1},{"index":311,"Name":"Jane","Grade":72.5},{"index":312,"Name":"Nita","Grade":80.4},{"index":313,"Name":"Zena","Grade":89.0},{"index":314,"Name":"Cally","Grade":84.7},{"index":315,"Name":"Nissim","Grade":94.7},{"index":316,"Name":"Nicole","Grade":94.2},{"index":317,"Name":"Todd","Grade":81.4},{"index":318,"Name":"Rina","Grade":84.2},{"index":319,"Name":"Price","Grade":74.1},{"index":320,"Name":"Shad","Grade":78.7},{"index":321,"Name":"Lysandra","Grade":100.0},{"index":322,"Name":"Rhiannon","Grade":88.9},{"index":323,"Name":"Jackson","Grade":75.3},{"index":324,"Name":"Leigh","Grade":74.5},{"index":325,"Name":"Thor","Grade":100.0},{"index":326,"Name":"Reese","Grade":71.2},{"index":327,"Name":"Ray","Grade":73.2},{"index":328,"Name":"Tasha","Grade":99.2},{"index":329,"Name":"Yoko","Grade":96.5},{"index":330,"Name":"Curran","Grade":72.9},{"index":331,"Name":"Garrison","Grade":81.2},{"index":332,"Name":"Judith","Grade":93.1},{"index":333,"Name":"Hammett","Grade":78.8},{"index":334,"Name":"Flynn","Grade":84.9},{"index":335,"Name":"Steven","Grade":79.3},{"index":336,"Name":"Lucy","Grade":79.6},{"index":337,"Name":"Orlando","Grade":69.3},{"index":338,"Name":"Micah","Grade":83.2},{"index":339,"Name":"Lunea","Grade":92.3},{"index":340,"Name":"Abbot","Grade":58.9},{"index":341,"Name":"Zia","Grade":88.4},{"index":342,"Name":"Charissa","Grade":69.9},{"index":343,"Name":"Athena","Grade":71.3},{"index":344,"Name":"Fuller","Grade":82.0},{"index":345,"Name":"Shelley","Grade":88.1},{"index":346,"Name":"Hamish","Grade":75.6},{"index":347,"Name":"Jayme","Grade":77.1},{"index":348,"Name":"Isaiah","Grade":75.8},{"index":349,"Name":"Rudyard","Grade":77.5},{"index":350,"Name":"Georgia","Grade":87.4},{"index":351,"Name":"Nehru","Grade":93.3},{"index":352,"Name":"Ciara","Grade":73.1},{"index":353,"Name":"Keelie","Grade":99.5},{"index":354,"Name":"Evan","Grade":80.7},{"index":355,"Name":"Kadeem","Grade":100.0},{"index":356,"Name":"Luke","Grade":75.0},{"index":357,"Name":"Sara","Grade":72.4},{"index":358,"Name":"Rhiannon","Grade":82.5},{"index":359,"Name":"Margaret","Grade":94.9},{"index":360,"Name":"Nomlanga","Grade":80.0},{"index":361,"Name":"Jescie","Grade":83.4},{"index":362,"Name":"Claire","Grade":90.4},{"index":363,"Name":"Madeson","Grade":98.0},{"index":364,"Name":"Prescott","Grade":96.3},{"index":365,"Name":"Kaitlin","Grade":66.4},{"index":366,"Name":"Yardley","Grade":79.6},{"index":367,"Name":"Hasad","Grade":95.9},{"index":368,"Name":"Tana","Grade":96.6},{"index":369,"Name":"Mufutau","Grade":99.9},{"index":370,"Name":"Paul","Grade":84.2},{"index":371,"Name":"Bryar","Grade":93.4},{"index":372,"Name":"Arthur","Grade":80.2},{"index":373,"Name":"Inga","Grade":74.1},{"index":374,"Name":"Steel","Grade":87.3},{"index":375,"Name":"Brianna","Grade":82.6},{"index":376,"Name":"Noah","Grade":88.1},{"index":377,"Name":"Kelsie","Grade":93.9},{"index":378,"Name":"Jacob","Grade":87.1},{"index":379,"Name":"Baker","Grade":89.8},{"index":380,"Name":"Jael","Grade":83.7},{"index":381,"Name":"Norman","Grade":88.0},{"index":382,"Name":"Jacob","Grade":100.0},{"index":383,"Name":"Cynthia","Grade":81.0},{"index":384,"Name":"Elijah","Grade":88.4},{"index":385,"Name":"Isaiah","Grade":82.3},{"index":386,"Name":"Miriam","Grade":77.8},{"index":387,"Name":"Hiroko","Grade":90.4},{"index":388,"Name":"Colton","Grade":60.3},{"index":389,"Name":"Caldwell","Grade":79.1},{"index":390,"Name":"Pandora","Grade":70.5},{"index":391,"Name":"Thomas","Grade":89.9},{"index":392,"Name":"Phelan","Grade":98.0},{"index":393,"Name":"Gabriel","Grade":62.0},{"index":394,"Name":"Kamal","Grade":77.6},{"index":395,"Name":"Holmes","Grade":98.7},{"index":396,"Name":"Preston","Grade":66.1},{"index":397,"Name":"Chester","Grade":89.4},{"index":398,"Name":"Quamar","Grade":91.3},{"index":399,"Name":"Amery","Grade":84.2},{"index":400,"Name":"Vance","Grade":65.1},{"index":401,"Name":"Lee","Grade":86.5},{"index":402,"Name":"Malik","Grade":72.3},{"index":403,"Name":"Dana","Grade":67.3},{"index":404,"Name":"Kelly","Grade":80.6},{"index":405,"Name":"Ryan","Grade":81.3},{"index":406,"Name":"Brett","Grade":76.0},{"index":407,"Name":"Veda","Grade":82.5},{"index":408,"Name":"Ezekiel","Grade":81.5},{"index":409,"Name":"Ulla","Grade":81.0},{"index":410,"Name":"Linda","Grade":59.0},{"index":411,"Name":"Ulysses","Grade":66.6},{"index":412,"Name":"Tana","Grade":81.2},{"index":413,"Name":"Kaye","Grade":66.6},{"index":414,"Name":"Marshall","Grade":83.0},{"index":415,"Name":"Hedley","Grade":78.3},{"index":416,"Name":"Gillian","Grade":82.9},{"index":417,"Name":"Nadine","Grade":75.5},{"index":418,"Name":"Nathan","Grade":77.5},{"index":419,"Name":"Amethyst","Grade":80.4},{"index":420,"Name":"Nigel","Grade":90.0},{"index":421,"Name":"Nigel","Grade":77.6},{"index":422,"Name":"Dara","Grade":85.7},{"index":423,"Name":"Neil","Grade":91.4},{"index":424,"Name":"Mollie","Grade":97.2},{"index":425,"Name":"Yolanda","Grade":94.3},{"index":426,"Name":"Sonia","Grade":88.2},{"index":427,"Name":"Dustin","Grade":94.7},{"index":428,"Name":"Berk","Grade":88.1},{"index":429,"Name":"Scott","Grade":77.2},{"index":430,"Name":"Nicole","Grade":76.7},{"index":431,"Name":"Myra","Grade":86.2},{"index":432,"Name":"Shoshana","Grade":87.4},{"index":433,"Name":"Asher","Grade":70.2},{"index":434,"Name":"Kaden","Grade":100.0},{"index":435,"Name":"Aaron","Grade":88.7},{"index":436,"Name":"Chester","Grade":65.3},{"index":437,"Name":"Quin","Grade":92.4},{"index":438,"Name":"Jared","Grade":89.0},{"index":439,"Name":"September","Grade":82.8},{"index":440,"Name":"Maxwell","Grade":81.8},{"index":441,"Name":"Miranda","Grade":63.7},{"index":442,"Name":"Shaine","Grade":90.3},{"index":443,"Name":"Craig","Grade":88.1},{"index":444,"Name":"Claudia","Grade":80.4},{"index":445,"Name":"Adria","Grade":76.8},{"index":446,"Name":"Alfonso","Grade":88.8},{"index":447,"Name":"Henry","Grade":94.6},{"index":448,"Name":"Zachery","Grade":85.5},{"index":449,"Name":"Barclay","Grade":86.9},{"index":450,"Name":"Audra","Grade":85.1},{"index":451,"Name":"Ila","Grade":93.8},{"index":452,"Name":"Felix","Grade":76.5},{"index":453,"Name":"Roanna","Grade":94.2},{"index":454,"Name":"Audra","Grade":74.2},{"index":455,"Name":"Isaac","Grade":81.0},{"index":456,"Name":"Laura","Grade":82.4},{"index":457,"Name":"Myra","Grade":100.0},{"index":458,"Name":"Iola","Grade":81.6},{"index":459,"Name":"Inez","Grade":100.0},{"index":460,"Name":"Kyra","Grade":93.0},{"index":461,"Name":"Emery","Grade":89.0},{"index":462,"Name":"Sade","Grade":61.1},{"index":463,"Name":"Aline","Grade":68.2},{"index":464,"Name":"Cyrus","Grade":81.8},{"index":465,"Name":"Patrick","Grade":85.0},{"index":466,"Name":"Kuame","Grade":83.5},{"index":467,"Name":"Yvette","Grade":89.8},{"index":468,"Name":"Ronan","Grade":68.0},{"index":469,"Name":"Courtney","Grade":88.3},{"index":470,"Name":"Tate","Grade":87.2},{"index":471,"Name":"Pascale","Grade":96.4},{"index":472,"Name":"Morgan","Grade":73.0},{"index":473,"Name":"Declan","Grade":100.0},{"index":474,"Name":"Dana","Grade":88.7},{"index":475,"Name":"Orlando","Grade":84.4},{"index":476,"Name":"Giselle","Grade":65.9},{"index":477,"Name":"Ryan","Grade":60.9},{"index":478,"Name":"Kylee","Grade":90.3},{"index":479,"Name":"Laith","Grade":67.4},{"index":480,"Name":"Sarah","Grade":71.3},{"index":481,"Name":"Hiroko","Grade":95.4},{"index":482,"Name":"John","Grade":86.5},{"index":483,"Name":"Inez","Grade":93.4},{"index":484,"Name":"Ciaran","Grade":62.5},{"index":485,"Name":"Elvis","Grade":85.1},{"index":486,"Name":"Elton","Grade":70.1},{"index":487,"Name":"Bertha","Grade":80.5},{"index":488,"Name":"Cameron","Grade":76.7},{"index":489,"Name":"Griffin","Grade":92.5},{"index":490,"Name":"Savannah","Grade":87.3},{"index":491,"Name":"Sydnee","Grade":75.3},{"index":492,"Name":"Clarke","Grade":77.8},{"index":493,"Name":"Aileen","Grade":85.4},{"index":494,"Name":"Michael","Grade":64.1},{"index":495,"Name":"Ivana","Grade":87.4},{"index":496,"Name":"Kerry","Grade":67.0},{"index":497,"Name":"Kasimir","Grade":68.2},{"index":498,"Name":"Celeste","Grade":73.2},{"index":499,"Name":"Nyssa","Grade":76.1},{"index":500,"Name":"Jolene","Grade":79.3},{"index":501,"Name":"Bo","Grade":82.8},{"index":502,"Name":"Summer","Grade":85.8},{"index":503,"Name":"Gloria","Grade":88.0},{"index":504,"Name":"Bethany","Grade":88.2},{"index":505,"Name":"Sonia","Grade":83.6},{"index":506,"Name":"Noah","Grade":82.6},{"index":507,"Name":"Travis","Grade":85.1},{"index":508,"Name":"Dai","Grade":100.0},{"index":509,"Name":"Rebekah","Grade":81.7},{"index":510,"Name":"Zorita","Grade":93.1},{"index":511,"Name":"Tara","Grade":71.0},{"index":512,"Name":"Kaitlin","Grade":71.0},{"index":513,"Name":"Preston","Grade":67.8},{"index":514,"Name":"Kirk","Grade":77.0},{"index":515,"Name":"Zeph","Grade":88.3},{"index":516,"Name":"Rahim","Grade":92.9},{"index":517,"Name":"Linus","Grade":88.4},{"index":518,"Name":"Vladimir","Grade":70.9},{"index":519,"Name":"Wang","Grade":93.7},{"index":520,"Name":"Kaseem","Grade":67.1},{"index":521,"Name":"Yetta","Grade":77.3},{"index":522,"Name":"Lacey","Grade":87.5},{"index":523,"Name":"James","Grade":71.0},{"index":524,"Name":"Inga","Grade":75.9},{"index":525,"Name":"Eagan","Grade":86.6},{"index":526,"Name":"Orson","Grade":96.6},{"index":527,"Name":"Noelani","Grade":75.4},{"index":528,"Name":"Chester","Grade":60.1},{"index":529,"Name":"Stuart","Grade":64.1},{"index":530,"Name":"Robert","Grade":73.8},{"index":531,"Name":"Zephania","Grade":98.1},{"index":532,"Name":"Robin","Grade":68.0},{"index":533,"Name":"Kamal","Grade":86.3},{"index":534,"Name":"William","Grade":84.0},{"index":535,"Name":"Merritt","Grade":83.1},{"index":536,"Name":"Orla","Grade":75.8},{"index":537,"Name":"Byron","Grade":92.9},{"index":538,"Name":"Aimee","Grade":87.0},{"index":539,"Name":"Daphne","Grade":82.2},{"index":540,"Name":"Clarke","Grade":83.1},{"index":541,"Name":"Kameko","Grade":86.6},{"index":542,"Name":"Kamal","Grade":84.1},{"index":543,"Name":"Kuame","Grade":92.6},{"index":544,"Name":"Erasmus","Grade":87.3},{"index":545,"Name":"Mufutau","Grade":86.0},{"index":546,"Name":"Daria","Grade":87.1},{"index":547,"Name":"Hamilton","Grade":82.0},{"index":548,"Name":"Belle","Grade":85.7},{"index":549,"Name":"Honorato","Grade":77.6},{"index":550,"Name":"Josephine","Grade":89.0},{"index":551,"Name":"Quentin","Grade":77.7},{"index":552,"Name":"Lars","Grade":71.0},{"index":553,"Name":"Wade","Grade":92.6},{"index":554,"Name":"Faith","Grade":99.8},{"index":555,"Name":"Bruno","Grade":76.8},{"index":556,"Name":"Lacey","Grade":57.9},{"index":557,"Name":"Odette","Grade":82.8},{"index":558,"Name":"Davis","Grade":87.7},{"index":559,"Name":"Wang","Grade":76.3},{"index":560,"Name":"Todd","Grade":89.8},{"index":561,"Name":"Oren","Grade":80.8},{"index":562,"Name":"Sharon","Grade":79.0},{"index":563,"Name":"Kareem","Grade":98.6},{"index":564,"Name":"Unity","Grade":86.8},{"index":565,"Name":"Ella","Grade":96.5},{"index":566,"Name":"Hanna","Grade":81.5},{"index":567,"Name":"Cody","Grade":79.2},{"index":568,"Name":"Latifah","Grade":66.7},{"index":569,"Name":"Aileen","Grade":96.5},{"index":570,"Name":"Brittany","Grade":91.5},{"index":571,"Name":"Marny","Grade":69.0},{"index":572,"Name":"Dieter","Grade":67.9},{"index":573,"Name":"Raja","Grade":82.6},{"index":574,"Name":"Irma","Grade":66.2},{"index":575,"Name":"Gray","Grade":87.5},{"index":576,"Name":"Pamela","Grade":61.8},{"index":577,"Name":"Conan","Grade":70.0},{"index":578,"Name":"Stella","Grade":66.1},{"index":579,"Name":"Xenos","Grade":91.4},{"index":580,"Name":"Justin","Grade":92.0},{"index":581,"Name":"Kareem","Grade":81.4},{"index":582,"Name":"Ali","Grade":89.5},{"index":583,"Name":"Bethany","Grade":79.4},{"index":584,"Name":"Amaya","Grade":99.2},{"index":585,"Name":"Wyatt","Grade":74.7},{"index":586,"Name":"Carol","Grade":91.1},{"index":587,"Name":"Kiona","Grade":84.0},{"index":588,"Name":"Jocelyn","Grade":73.4},{"index":589,"Name":"Shellie","Grade":85.3},{"index":590,"Name":"Talon","Grade":98.1},{"index":591,"Name":"Alana","Grade":87.5},{"index":592,"Name":"Steel","Grade":80.7},{"index":593,"Name":"Elvis","Grade":81.1},{"index":594,"Name":"Silas","Grade":94.2},{"index":595,"Name":"Yasir","Grade":73.5},{"index":596,"Name":"Breanna","Grade":82.5},{"index":597,"Name":"Nasim","Grade":83.8},{"index":598,"Name":"Kaitlin","Grade":95.4},{"index":599,"Name":"Cassidy","Grade":76.9},{"index":600,"Name":"Ebony","Grade":90.5},{"index":601,"Name":"Leila","Grade":71.4},{"index":602,"Name":"Troy","Grade":80.3},{"index":603,"Name":"Buckminster","Grade":95.2},{"index":604,"Name":"Kessie","Grade":86.4},{"index":605,"Name":"Ariel","Grade":74.7},{"index":606,"Name":"Cailin","Grade":75.5},{"index":607,"Name":"Calvin","Grade":82.7},{"index":608,"Name":"Connor","Grade":84.9},{"index":609,"Name":"Libby","Grade":65.1},{"index":610,"Name":"Kiara","Grade":100.0},{"index":611,"Name":"Dante","Grade":79.9},{"index":612,"Name":"Dalton","Grade":90.4},{"index":613,"Name":"Bruce","Grade":95.8},{"index":614,"Name":"Cara","Grade":66.1},{"index":615,"Name":"Carla","Grade":95.2},{"index":616,"Name":"Ali","Grade":100.0},{"index":617,"Name":"Cadman","Grade":67.8},{"index":618,"Name":"Holmes","Grade":92.2},{"index":619,"Name":"Lee","Grade":83.7},{"index":620,"Name":"Virginia","Grade":75.0},{"index":621,"Name":"Gwendolyn","Grade":100.0},{"index":622,"Name":"Althea","Grade":79.4},{"index":623,"Name":"Micah","Grade":76.1},{"index":624,"Name":"Jordan","Grade":89.4},{"index":625,"Name":"Walker","Grade":85.4},{"index":626,"Name":"Lunea","Grade":88.7},{"index":627,"Name":"Odessa","Grade":84.3},{"index":628,"Name":"Risa","Grade":98.6},{"index":629,"Name":"Juliet","Grade":94.6},{"index":630,"Name":"Flavia","Grade":66.6},{"index":631,"Name":"Noble","Grade":91.7},{"index":632,"Name":"Catherine","Grade":81.9},{"index":633,"Name":"Carissa","Grade":76.8},{"index":634,"Name":"Aiko","Grade":95.5},{"index":635,"Name":"Nora","Grade":85.5},{"index":636,"Name":"Armando","Grade":76.5},{"index":637,"Name":"Kendall","Grade":81.2},{"index":638,"Name":"Virginia","Grade":81.6},{"index":639,"Name":"Hashim","Grade":66.8},{"index":640,"Name":"Hedley","Grade":78.2},{"index":641,"Name":"Quamar","Grade":80.2},{"index":642,"Name":"Tatum","Grade":71.9},{"index":643,"Name":"Abraham","Grade":73.7},{"index":644,"Name":"Drake","Grade":100.0},{"index":645,"Name":"Stella","Grade":65.5},{"index":646,"Name":"Lawrence","Grade":75.2},{"index":647,"Name":"Rylee","Grade":76.8},{"index":648,"Name":"Tate","Grade":68.6},{"index":649,"Name":"Gavin","Grade":70.4},{"index":650,"Name":"Blossom","Grade":81.1},{"index":651,"Name":"Carolyn","Grade":85.2},{"index":652,"Name":"Zia","Grade":88.2},{"index":653,"Name":"Fitzgerald","Grade":85.9},{"index":654,"Name":"Bruno","Grade":90.4},{"index":655,"Name":"Silas","Grade":85.6},{"index":656,"Name":"Xantha","Grade":74.0},{"index":657,"Name":"Maxine","Grade":77.0},{"index":658,"Name":"Levi","Grade":68.1},{"index":659,"Name":"Judah","Grade":93.8},{"index":660,"Name":"Tanya","Grade":74.6},{"index":661,"Name":"Camille","Grade":100.0},{"index":662,"Name":"Sarah","Grade":75.4},{"index":663,"Name":"Colton","Grade":80.1},{"index":664,"Name":"Alika","Grade":32.0},{"index":665,"Name":"Ifeoma","Grade":79.0},{"index":666,"Name":"Hakeem","Grade":74.7},{"index":667,"Name":"Reese","Grade":75.3},{"index":668,"Name":"Lance","Grade":92.2},{"index":669,"Name":"Adrienne","Grade":73.4},{"index":670,"Name":"Aretha","Grade":83.2},{"index":671,"Name":"Jeremy","Grade":83.4},{"index":672,"Name":"Ciaran","Grade":59.3},{"index":673,"Name":"Nero","Grade":87.6},{"index":674,"Name":"Tyrone","Grade":91.4},{"index":675,"Name":"Ashton","Grade":80.1},{"index":676,"Name":"Samantha","Grade":87.4},{"index":677,"Name":"Katell","Grade":74.0},{"index":678,"Name":"Callum","Grade":80.2},{"index":679,"Name":"Miriam","Grade":80.9},{"index":680,"Name":"David","Grade":75.7},{"index":681,"Name":"Kalia","Grade":84.5},{"index":682,"Name":"Quon","Grade":71.4},{"index":683,"Name":"Cyrus","Grade":80.4},{"index":684,"Name":"Keane","Grade":67.5},{"index":685,"Name":"Hammett","Grade":86.2},{"index":686,"Name":"Arthur","Grade":80.5},{"index":687,"Name":"Mary","Grade":70.6},{"index":688,"Name":"Patience","Grade":87.4},{"index":689,"Name":"Hadassah","Grade":76.3},{"index":690,"Name":"Sylvester","Grade":100.0},{"index":691,"Name":"Penelope","Grade":73.0},{"index":692,"Name":"Camilla","Grade":70.2},{"index":693,"Name":"Hamish","Grade":71.1},{"index":694,"Name":"Wylie","Grade":82.0},{"index":695,"Name":"Serena","Grade":80.4},{"index":696,"Name":"Tasha","Grade":73.0},{"index":697,"Name":"Gretchen","Grade":77.2},{"index":698,"Name":"Ruth","Grade":100.0},{"index":699,"Name":"Eric","Grade":93.2},{"index":700,"Name":"Steven","Grade":60.0},{"index":701,"Name":"Janna","Grade":100.0},{"index":702,"Name":"Jonas","Grade":85.6},{"index":703,"Name":"Steven","Grade":88.7},{"index":704,"Name":"Pascale","Grade":76.5},{"index":705,"Name":"Dominic","Grade":85.2},{"index":706,"Name":"Mason","Grade":84.3},{"index":707,"Name":"Ifeoma","Grade":83.3},{"index":708,"Name":"Amela","Grade":78.6},{"index":709,"Name":"Eve","Grade":71.7},{"index":710,"Name":"Leilani","Grade":89.9},{"index":711,"Name":"Yoshio","Grade":76.5},{"index":712,"Name":"Jin","Grade":78.4},{"index":713,"Name":"Gay","Grade":88.9},{"index":714,"Name":"Solomon","Grade":81.6},{"index":715,"Name":"Amery","Grade":83.3},{"index":716,"Name":"Hyacinth","Grade":81.6},{"index":717,"Name":"Evan","Grade":76.5},{"index":718,"Name":"Merritt","Grade":74.0},{"index":719,"Name":"Rebekah","Grade":84.1},{"index":720,"Name":"Jesse","Grade":73.8},{"index":721,"Name":"Aaron","Grade":86.7},{"index":722,"Name":"Noble","Grade":79.1},{"index":723,"Name":"Beverly","Grade":88.1},{"index":724,"Name":"Ferdinand","Grade":89.5},{"index":725,"Name":"Regina","Grade":84.8},{"index":726,"Name":"Quamar","Grade":97.4},{"index":727,"Name":"Erasmus","Grade":75.2},{"index":728,"Name":"Garth","Grade":76.0},{"index":729,"Name":"Edward","Grade":79.5},{"index":730,"Name":"Maryam","Grade":79.2},{"index":731,"Name":"Len","Grade":83.3},{"index":732,"Name":"Oscar","Grade":88.9},{"index":733,"Name":"Ferdinand","Grade":95.6},{"index":734,"Name":"Aquila","Grade":71.0},{"index":735,"Name":"Lydia","Grade":87.3},{"index":736,"Name":"Camilla","Grade":79.3},{"index":737,"Name":"Walter","Grade":84.9},{"index":738,"Name":"Dakota","Grade":85.3},{"index":739,"Name":"Stuart","Grade":97.6},{"index":740,"Name":"Timothy","Grade":86.7},{"index":741,"Name":"Allistair","Grade":88.0},{"index":742,"Name":"Wing","Grade":80.6},{"index":743,"Name":"Casey","Grade":87.4},{"index":744,"Name":"Quintessa","Grade":74.0},{"index":745,"Name":"Armando","Grade":75.0},{"index":746,"Name":"Chase","Grade":90.8},{"index":747,"Name":"Malcolm","Grade":79.2},{"index":748,"Name":"Shellie","Grade":87.0},{"index":749,"Name":"Uta","Grade":78.2},{"index":750,"Name":"Lynn","Grade":84.5},{"index":751,"Name":"Teegan","Grade":84.0},{"index":752,"Name":"Cade","Grade":98.0},{"index":753,"Name":"Scott","Grade":73.8},{"index":754,"Name":"Rafael","Grade":91.5},{"index":755,"Name":"Carol","Grade":79.7},{"index":756,"Name":"Sawyer","Grade":71.3},{"index":757,"Name":"Erich","Grade":100.0},{"index":758,"Name":"Iliana","Grade":69.3},{"index":759,"Name":"Minerva","Grade":80.2},{"index":760,"Name":"Anastasia","Grade":76.4},{"index":761,"Name":"Nell","Grade":83.1},{"index":762,"Name":"Rhiannon","Grade":72.7},{"index":763,"Name":"Demetria","Grade":98.6},{"index":764,"Name":"Dolan","Grade":82.5},{"index":765,"Name":"Tanek","Grade":74.4},{"index":766,"Name":"Cameron","Grade":87.8},{"index":767,"Name":"Lila","Grade":100.0},{"index":768,"Name":"Cleo","Grade":70.0},{"index":769,"Name":"Pandora","Grade":87.3},{"index":770,"Name":"Quail","Grade":69.1},{"index":771,"Name":"Abigail","Grade":81.5},{"index":772,"Name":"Kellie","Grade":71.5},{"index":773,"Name":"Dorian","Grade":72.5},{"index":774,"Name":"Lester","Grade":82.4},{"index":775,"Name":"Brody","Grade":93.1},{"index":776,"Name":"Alea","Grade":82.2},{"index":777,"Name":"Simon","Grade":74.7},{"index":778,"Name":"Oscar","Grade":90.4},{"index":779,"Name":"Allen","Grade":80.0},{"index":780,"Name":"Octavius","Grade":84.4},{"index":781,"Name":"Griffith","Grade":84.1},{"index":782,"Name":"Cullen","Grade":70.7},{"index":783,"Name":"Jerome","Grade":77.8},{"index":784,"Name":"Orson","Grade":94.4},{"index":785,"Name":"Adam","Grade":68.3},{"index":786,"Name":"Kathleen","Grade":89.1},{"index":787,"Name":"Josephine","Grade":100.0},{"index":788,"Name":"India","Grade":89.0},{"index":789,"Name":"Samuel","Grade":98.2},{"index":790,"Name":"Len","Grade":84.3},{"index":791,"Name":"Shad","Grade":84.4},{"index":792,"Name":"Kevyn","Grade":93.7},{"index":793,"Name":"Thor","Grade":90.1},{"index":794,"Name":"Clark","Grade":76.3},{"index":795,"Name":"Yetta","Grade":87.5},{"index":796,"Name":"Alexandra","Grade":72.1},{"index":797,"Name":"Magee","Grade":76.8},{"index":798,"Name":"Ezra","Grade":88.2},{"index":799,"Name":"Solomon","Grade":81.6},{"index":800,"Name":"Zenia","Grade":86.9},{"index":801,"Name":"Cade","Grade":84.9},{"index":802,"Name":"Erica","Grade":86.4},{"index":803,"Name":"Constance","Grade":71.8},{"index":804,"Name":"Jamal","Grade":100.0},{"index":805,"Name":"Felix","Grade":82.1},{"index":806,"Name":"Theodore","Grade":84.0},{"index":807,"Name":"Forrest","Grade":83.3},{"index":808,"Name":"Cassidy","Grade":75.7},{"index":809,"Name":"Violet","Grade":73.7},{"index":810,"Name":"Bo","Grade":77.0},{"index":811,"Name":"Malcolm","Grade":82.6},{"index":812,"Name":"Kato","Grade":78.6},{"index":813,"Name":"Acton","Grade":70.8},{"index":814,"Name":"Porter","Grade":77.9},{"index":815,"Name":"Lucy","Grade":73.9},{"index":816,"Name":"Rama","Grade":85.7},{"index":817,"Name":"Abbot","Grade":82.3},{"index":818,"Name":"Colette","Grade":73.3},{"index":819,"Name":"Athena","Grade":90.0},{"index":820,"Name":"Ferris","Grade":70.4},{"index":821,"Name":"Tamara","Grade":92.3},{"index":822,"Name":"Rinah","Grade":80.8},{"index":823,"Name":"Tyler","Grade":94.2},{"index":824,"Name":"Fredericka","Grade":88.3},{"index":825,"Name":"Kevin","Grade":100.0},{"index":826,"Name":"Hayes","Grade":76.0},{"index":827,"Name":"Kevin","Grade":96.1},{"index":828,"Name":"Ciara","Grade":69.0},{"index":829,"Name":"Merrill","Grade":80.9},{"index":830,"Name":"Scott","Grade":90.3},{"index":831,"Name":"Noah","Grade":74.8},{"index":832,"Name":"Nathan","Grade":90.3},{"index":833,"Name":"Gwendolyn","Grade":82.7},{"index":834,"Name":"Lavinia","Grade":64.2},{"index":835,"Name":"Hedley","Grade":94.5},{"index":836,"Name":"Abel","Grade":68.2},{"index":837,"Name":"Addison","Grade":76.0},{"index":838,"Name":"Dora","Grade":65.4},{"index":839,"Name":"Riley","Grade":100.0},{"index":840,"Name":"Naida","Grade":90.8},{"index":841,"Name":"Garth","Grade":90.6},{"index":842,"Name":"Philip","Grade":77.4},{"index":843,"Name":"Alec","Grade":70.3},{"index":844,"Name":"Aretha","Grade":82.2},{"index":845,"Name":"Lysandra","Grade":79.2},{"index":846,"Name":"Kirestin","Grade":95.9},{"index":847,"Name":"Rebekah","Grade":79.5},{"index":848,"Name":"Samson","Grade":81.9},{"index":849,"Name":"Mira","Grade":91.8},{"index":850,"Name":"Branden","Grade":84.4},{"index":851,"Name":"Kasper","Grade":73.8},{"index":852,"Name":"Chester","Grade":79.3},{"index":853,"Name":"Amir","Grade":77.6},{"index":854,"Name":"Elijah","Grade":84.6},{"index":855,"Name":"Adena","Grade":80.2},{"index":856,"Name":"Sandra","Grade":97.5},{"index":857,"Name":"Dennis","Grade":76.3},{"index":858,"Name":"Brenden","Grade":89.7},{"index":859,"Name":"Cadman","Grade":86.8},{"index":860,"Name":"Noel","Grade":77.0},{"index":861,"Name":"Paula","Grade":69.2},{"index":862,"Name":"Coby","Grade":79.2},{"index":863,"Name":"Cally","Grade":88.2},{"index":864,"Name":"Slade","Grade":68.0},{"index":865,"Name":"Beau","Grade":75.0},{"index":866,"Name":"Zane","Grade":83.0},{"index":867,"Name":"Zephr","Grade":67.0},{"index":868,"Name":"Craig","Grade":100.0},{"index":869,"Name":"Tanek","Grade":60.5},{"index":870,"Name":"Jaquelyn","Grade":87.1},{"index":871,"Name":"Lucas","Grade":83.8},{"index":872,"Name":"Courtney","Grade":96.1},{"index":873,"Name":"Marny","Grade":76.4},{"index":874,"Name":"Zelda","Grade":89.2},{"index":875,"Name":"Steven","Grade":76.4},{"index":876,"Name":"Alma","Grade":72.8},{"index":877,"Name":"Cameran","Grade":82.4},{"index":878,"Name":"Caleb","Grade":93.3},{"index":879,"Name":"Conan","Grade":86.2},{"index":880,"Name":"Audrey","Grade":69.3},{"index":881,"Name":"Astra","Grade":68.2},{"index":882,"Name":"Dara","Grade":88.4},{"index":883,"Name":"Sharon","Grade":96.3},{"index":884,"Name":"Paul","Grade":97.9},{"index":885,"Name":"Wendy","Grade":88.1},{"index":886,"Name":"Charles","Grade":79.1},{"index":887,"Name":"Chancellor","Grade":91.1},{"index":888,"Name":"Carter","Grade":92.4},{"index":889,"Name":"Stephanie","Grade":100.0},{"index":890,"Name":"Lesley","Grade":94.8},{"index":891,"Name":"Mufutau","Grade":82.9},{"index":892,"Name":"Talon","Grade":71.2},{"index":893,"Name":"Ignacia","Grade":86.1},{"index":894,"Name":"Seth","Grade":100.0},{"index":895,"Name":"Flavia","Grade":77.0},{"index":896,"Name":"Kenyon","Grade":93.1},{"index":897,"Name":"Inga","Grade":93.9},{"index":898,"Name":"Lyle","Grade":89.7},{"index":899,"Name":"Carson","Grade":94.9},{"index":900,"Name":"Ava","Grade":93.0},{"index":901,"Name":"Wang","Grade":77.3},{"index":902,"Name":"Steven","Grade":95.1},{"index":903,"Name":"Lee","Grade":62.3},{"index":904,"Name":"Latifah","Grade":78.6},{"index":905,"Name":"Gavin","Grade":80.1},{"index":906,"Name":"Indira","Grade":72.3},{"index":907,"Name":"Ori","Grade":89.5},{"index":908,"Name":"Mona","Grade":89.5},{"index":909,"Name":"Brett","Grade":92.3},{"index":910,"Name":"Francesca","Grade":79.2},{"index":911,"Name":"Phyllis","Grade":71.9},{"index":912,"Name":"Dora","Grade":80.1},{"index":913,"Name":"Bo","Grade":94.6},{"index":914,"Name":"Sonia","Grade":100.0},{"index":915,"Name":"Petra","Grade":81.2},{"index":916,"Name":"Karina","Grade":88.9},{"index":917,"Name":"Brielle","Grade":95.9},{"index":918,"Name":"Tamekah","Grade":85.4},{"index":919,"Name":"Kyra","Grade":70.8},{"index":920,"Name":"Nichole","Grade":70.4},{"index":921,"Name":"Joseph","Grade":89.2},{"index":922,"Name":"Cheryl","Grade":88.9},{"index":923,"Name":"Eugenia","Grade":68.1},{"index":924,"Name":"Scarlet","Grade":76.5},{"index":925,"Name":"Daryl","Grade":88.0},{"index":926,"Name":"Ebony","Grade":81.6},{"index":927,"Name":"Harper","Grade":67.6},{"index":928,"Name":"Cadman","Grade":84.7},{"index":929,"Name":"Briar","Grade":87.9},{"index":930,"Name":"Martena","Grade":82.2},{"index":931,"Name":"Elaine","Grade":84.9},{"index":932,"Name":"Chantale","Grade":90.5},{"index":933,"Name":"Dexter","Grade":69.9},{"index":934,"Name":"Aurelia","Grade":81.3},{"index":935,"Name":"William","Grade":75.7},{"index":936,"Name":"Hiram","Grade":93.1},{"index":937,"Name":"Lisandra","Grade":97.4},{"index":938,"Name":"Rogan","Grade":83.4},{"index":939,"Name":"Wendy","Grade":69.5},{"index":940,"Name":"Rose","Grade":69.1},{"index":941,"Name":"Hedy","Grade":81.3},{"index":942,"Name":"Zahir","Grade":86.0},{"index":943,"Name":"Kato","Grade":72.6},{"index":944,"Name":"Vielka","Grade":74.5},{"index":945,"Name":"Russell","Grade":78.9},{"index":946,"Name":"Maggy","Grade":91.1},{"index":947,"Name":"Yvonne","Grade":81.4},{"index":948,"Name":"Ashton","Grade":75.8},{"index":949,"Name":"Preston","Grade":89.0},{"index":950,"Name":"Clio","Grade":85.1},{"index":951,"Name":"Marshall","Grade":62.6},{"index":952,"Name":"Lane","Grade":79.9},{"index":953,"Name":"Laura","Grade":69.2},{"index":954,"Name":"Athena","Grade":100.0},{"index":955,"Name":"Dorian","Grade":83.7},{"index":956,"Name":"Ginger","Grade":72.2},{"index":957,"Name":"Iona","Grade":80.3},{"index":958,"Name":"Arsenio","Grade":81.5},{"index":959,"Name":"Evelyn","Grade":81.2},{"index":960,"Name":"Ainsley","Grade":94.4},{"index":961,"Name":"Hamilton","Grade":80.2},{"index":962,"Name":"Chanda","Grade":92.0},{"index":963,"Name":"Hayley","Grade":85.8},{"index":964,"Name":"Christen","Grade":78.5},{"index":965,"Name":"Dawn","Grade":73.2},{"index":966,"Name":"Summer","Grade":99.1},{"index":967,"Name":"Melissa","Grade":93.9},{"index":968,"Name":"Claire","Grade":85.2},{"index":969,"Name":"Ursula","Grade":84.5},{"index":970,"Name":"Blaze","Grade":92.8},{"index":971,"Name":"Hiram","Grade":86.2},{"index":972,"Name":"Keegan","Grade":43.0},{"index":973,"Name":"Wyatt","Grade":72.3},{"index":974,"Name":"Keegan","Grade":66.7},{"index":975,"Name":"Rudyard","Grade":85.7},{"index":976,"Name":"Daphne","Grade":85.1},{"index":977,"Name":"Imogene","Grade":81.3},{"index":978,"Name":"Ursula","Grade":86.7},{"index":979,"Name":"Fitzgerald","Grade":69.6},{"index":980,"Name":"Dai","Grade":85.5},{"index":981,"Name":"Mari","Grade":81.8},{"index":982,"Name":"Sylvester","Grade":78.4},{"index":983,"Name":"Benjamin","Grade":94.2},{"index":984,"Name":"Drew","Grade":88.2},{"index":985,"Name":"Fleur","Grade":84.8},{"index":986,"Name":"Darius","Grade":85.9},{"index":987,"Name":"Cedric","Grade":72.7},{"index":988,"Name":"Lydia","Grade":86.4},{"index":989,"Name":"Keelie","Grade":74.5},{"index":990,"Name":"Maxwell","Grade":85.9},{"index":991,"Name":"Lysandra","Grade":91.7},{"index":992,"Name":"Iona","Grade":79.2},{"index":993,"Name":"Harriet","Grade":89.5},{"index":994,"Name":"Gretchen","Grade":79.4},{"index":995,"Name":"Hunter","Grade":89.9},{"index":996,"Name":"Lester","Grade":100.0},{"index":997,"Name":"Upton","Grade":84.4},{"index":998,"Name":"Ralph","Grade":72.2},{"index":999,"Name":"Susan","Grade":77.7},{"index":1000,"Name":"Hanna","Grade":88.8},{"index":1001,"Name":"Xena","Grade":79.2},{"index":1002,"Name":"Fulton","Grade":96.4},{"index":1003,"Name":"Basil","Grade":78.1},{"index":1004,"Name":"Cheyenne","Grade":74.6},{"index":1005,"Name":"Sawyer","Grade":89.6},{"index":1006,"Name":"William","Grade":89.2},{"index":1007,"Name":"Anthony","Grade":96.6},{"index":1008,"Name":"Laurel","Grade":77.3},{"index":1009,"Name":"Irene","Grade":79.4},{"index":1010,"Name":"Thaddeus","Grade":98.9},{"index":1011,"Name":"Alfreda","Grade":72.1},{"index":1012,"Name":"Alec","Grade":88.3},{"index":1013,"Name":"Hoyt","Grade":75.8},{"index":1014,"Name":"Dolan","Grade":95.3},{"index":1015,"Name":"Blaine","Grade":89.6},{"index":1016,"Name":"Caryn","Grade":80.8},{"index":1017,"Name":"Tanisha","Grade":75.1},{"index":1018,"Name":"Burton","Grade":80.3},{"index":1019,"Name":"Noah","Grade":81.0},{"index":1020,"Name":"Madaline","Grade":92.0},{"index":1021,"Name":"Cassidy","Grade":100.0},{"index":1022,"Name":"Cathleen","Grade":78.3},{"index":1023,"Name":"Desiree","Grade":79.2},{"index":1024,"Name":"Bruno","Grade":99.9},{"index":1025,"Name":"Laurel","Grade":75.2},{"index":1026,"Name":"Bethany","Grade":93.2},{"index":1027,"Name":"Cora","Grade":99.9},{"index":1028,"Name":"Giacomo","Grade":71.2},{"index":1029,"Name":"Clare","Grade":94.2},{"index":1030,"Name":"Steven","Grade":85.7},{"index":1031,"Name":"Brianna","Grade":86.8},{"index":1032,"Name":"Frances","Grade":83.0},{"index":1033,"Name":"Amela","Grade":72.1},{"index":1034,"Name":"Libby","Grade":84.1},{"index":1035,"Name":"Uma","Grade":67.3},{"index":1036,"Name":"Jacob","Grade":88.1},{"index":1037,"Name":"Nyssa","Grade":64.9},{"index":1038,"Name":"Tate","Grade":87.6},{"index":1039,"Name":"Laura","Grade":67.6},{"index":1040,"Name":"Kareem","Grade":83.1},{"index":1041,"Name":"Dexter","Grade":88.8},{"index":1042,"Name":"Kibo","Grade":83.2},{"index":1043,"Name":"Madaline","Grade":82.5},{"index":1044,"Name":"May","Grade":100.0},{"index":1045,"Name":"Shad","Grade":86.5},{"index":1046,"Name":"Rana","Grade":91.8},{"index":1047,"Name":"Tobias","Grade":76.2},{"index":1048,"Name":"Erica","Grade":83.0},{"index":1049,"Name":"Bruce","Grade":89.7},{"index":1050,"Name":"Bo","Grade":75.3},{"index":1051,"Name":"Lucius","Grade":80.6},{"index":1052,"Name":"Lee","Grade":98.3},{"index":1053,"Name":"Matthew","Grade":88.2},{"index":1054,"Name":"Mari","Grade":76.1},{"index":1055,"Name":"Plato","Grade":76.1},{"index":1056,"Name":"Constance","Grade":100.0},{"index":1057,"Name":"Castor","Grade":91.1},{"index":1058,"Name":"Solomon","Grade":83.3},{"index":1059,"Name":"Calvin","Grade":67.6},{"index":1060,"Name":"Linda","Grade":82.0},{"index":1061,"Name":"May","Grade":79.5},{"index":1062,"Name":"Tobias","Grade":73.8},{"index":1063,"Name":"Dexter","Grade":88.3},{"index":1064,"Name":"Amos","Grade":95.0},{"index":1065,"Name":"Nichole","Grade":84.3},{"index":1066,"Name":"Amber","Grade":77.8},{"index":1067,"Name":"Bruno","Grade":89.8},{"index":1068,"Name":"Isaiah","Grade":58.9},{"index":1069,"Name":"Samuel","Grade":86.5},{"index":1070,"Name":"Dominic","Grade":92.9},{"index":1071,"Name":"Clark","Grade":100.0},{"index":1072,"Name":"Destiny","Grade":100.0},{"index":1073,"Name":"Giacomo","Grade":92.1},{"index":1074,"Name":"Hamish","Grade":86.0},{"index":1075,"Name":"Leigh","Grade":80.1},{"index":1076,"Name":"Kylan","Grade":74.0},{"index":1077,"Name":"Malcolm","Grade":62.6},{"index":1078,"Name":"Dai","Grade":99.0},{"index":1079,"Name":"Maisie","Grade":81.4},{"index":1080,"Name":"Jillian","Grade":66.6},{"index":1081,"Name":"Garth","Grade":81.1},{"index":1082,"Name":"Charissa","Grade":86.2},{"index":1083,"Name":"Morgan","Grade":85.2},{"index":1084,"Name":"Tobias","Grade":87.1},{"index":1085,"Name":"Phelan","Grade":87.4},{"index":1086,"Name":"Keaton","Grade":73.9},{"index":1087,"Name":"Victoria","Grade":80.4},{"index":1088,"Name":"August","Grade":80.2},{"index":1089,"Name":"Laurel","Grade":91.0},{"index":1090,"Name":"Cameron","Grade":76.5},{"index":1091,"Name":"Nolan","Grade":86.6},{"index":1092,"Name":"Dolan","Grade":95.8},{"index":1093,"Name":"Zenia","Grade":92.0},{"index":1094,"Name":"Mia","Grade":65.8},{"index":1095,"Name":"Mona","Grade":73.6},{"index":1096,"Name":"Hayley","Grade":96.0},{"index":1097,"Name":"Alexandra","Grade":98.2},{"index":1098,"Name":"Ria","Grade":100.0},{"index":1099,"Name":"Tara","Grade":63.4},{"index":1100,"Name":"Hadley","Grade":83.5},{"index":1101,"Name":"Mohammad","Grade":87.2},{"index":1102,"Name":"Barrett","Grade":88.6},{"index":1103,"Name":"Lester","Grade":62.7},{"index":1104,"Name":"Myles","Grade":100.0},{"index":1105,"Name":"Katelyn","Grade":82.1},{"index":1106,"Name":"Vivien","Grade":87.9},{"index":1107,"Name":"Nina","Grade":92.4},{"index":1108,"Name":"Hillary","Grade":75.2},{"index":1109,"Name":"Samson","Grade":80.4},{"index":1110,"Name":"Xerxes","Grade":70.4},{"index":1111,"Name":"Porter","Grade":61.2},{"index":1112,"Name":"Ann","Grade":92.3},{"index":1113,"Name":"Bryar","Grade":73.3},{"index":1114,"Name":"Thane","Grade":76.8},{"index":1115,"Name":"Yoko","Grade":84.2},{"index":1116,"Name":"Perry","Grade":71.8},{"index":1117,"Name":"Adam","Grade":70.1},{"index":1118,"Name":"Clare","Grade":74.0},{"index":1119,"Name":"Evangeline","Grade":94.3},{"index":1120,"Name":"Eric","Grade":90.9},{"index":1121,"Name":"Sloane","Grade":96.5},{"index":1122,"Name":"Knox","Grade":100.0},{"index":1123,"Name":"Simon","Grade":68.8},{"index":1124,"Name":"Gareth","Grade":80.8},{"index":1125,"Name":"Linda","Grade":86.3},{"index":1126,"Name":"Arsenio","Grade":64.0},{"index":1127,"Name":"Debra","Grade":74.7},{"index":1128,"Name":"Andrew","Grade":77.6},{"index":1129,"Name":"Nasim","Grade":72.4},{"index":1130,"Name":"Tiger","Grade":85.3},{"index":1131,"Name":"Forrest","Grade":65.9},{"index":1132,"Name":"Reese","Grade":92.2},{"index":1133,"Name":"Abraham","Grade":62.6},{"index":1134,"Name":"Malcolm","Grade":99.2},{"index":1135,"Name":"Herman","Grade":65.9},{"index":1136,"Name":"Jayme","Grade":65.1},{"index":1137,"Name":"Duncan","Grade":84.1},{"index":1138,"Name":"Quamar","Grade":74.2},{"index":1139,"Name":"Mara","Grade":73.0},{"index":1140,"Name":"Brian","Grade":97.8},{"index":1141,"Name":"Nerea","Grade":90.1},{"index":1142,"Name":"India","Grade":80.1},{"index":1143,"Name":"Tara","Grade":84.2},{"index":1144,"Name":"Guinevere","Grade":92.2},{"index":1145,"Name":"Alexander","Grade":82.8},{"index":1146,"Name":"Logan","Grade":73.1},{"index":1147,"Name":"Ariana","Grade":90.8},{"index":1148,"Name":"Rhea","Grade":81.3},{"index":1149,"Name":"Quon","Grade":79.2},{"index":1150,"Name":"Sonya","Grade":80.3},{"index":1151,"Name":"Reece","Grade":76.1},{"index":1152,"Name":"Slade","Grade":89.5},{"index":1153,"Name":"Kelly","Grade":92.4},{"index":1154,"Name":"Hayes","Grade":84.9},{"index":1155,"Name":"Kieran","Grade":60.8},{"index":1156,"Name":"Laura","Grade":78.4},{"index":1157,"Name":"Chancellor","Grade":83.4},{"index":1158,"Name":"Brett","Grade":71.4},{"index":1159,"Name":"Abra","Grade":80.1},{"index":1160,"Name":"John","Grade":77.4},{"index":1161,"Name":"Madonna","Grade":85.2},{"index":1162,"Name":"Cedric","Grade":91.8},{"index":1163,"Name":"Rudyard","Grade":75.4},{"index":1164,"Name":"Gabriel","Grade":86.3},{"index":1165,"Name":"Tanek","Grade":79.8},{"index":1166,"Name":"Dane","Grade":94.9},{"index":1167,"Name":"Whoopi","Grade":89.7},{"index":1168,"Name":"Karen","Grade":88.7},{"index":1169,"Name":"Addison","Grade":81.8},{"index":1170,"Name":"Eliana","Grade":74.8},{"index":1171,"Name":"Evan","Grade":91.1},{"index":1172,"Name":"Jaquelyn","Grade":66.8},{"index":1173,"Name":"Doris","Grade":82.5},{"index":1174,"Name":"Acton","Grade":79.5},{"index":1175,"Name":"Nyssa","Grade":73.1},{"index":1176,"Name":"Phillip","Grade":74.6},{"index":1177,"Name":"Edan","Grade":74.1},{"index":1178,"Name":"Hanna","Grade":91.3},{"index":1179,"Name":"Shad","Grade":86.7},{"index":1180,"Name":"Rahim","Grade":76.2},{"index":1181,"Name":"Kitra","Grade":92.3},{"index":1182,"Name":"Illana","Grade":77.5},{"index":1183,"Name":"Linda","Grade":83.7},{"index":1184,"Name":"Illiana","Grade":93.6},{"index":1185,"Name":"Rogan","Grade":89.2},{"index":1186,"Name":"Tucker","Grade":74.7},{"index":1187,"Name":"Brock","Grade":83.4},{"index":1188,"Name":"Lane","Grade":76.0},{"index":1189,"Name":"Ila","Grade":79.5},{"index":1190,"Name":"Aristotle","Grade":77.3},{"index":1191,"Name":"Todd","Grade":69.8},{"index":1192,"Name":"Blythe","Grade":100.0},{"index":1193,"Name":"Lunea","Grade":74.8},{"index":1194,"Name":"Azalia","Grade":91.2},{"index":1195,"Name":"Yael","Grade":91.4},{"index":1196,"Name":"Karen","Grade":83.5},{"index":1197,"Name":"Valentine","Grade":89.7},{"index":1198,"Name":"Brock","Grade":82.9},{"index":1199,"Name":"Ray","Grade":89.4},{"index":1200,"Name":"Ray","Grade":91.8},{"index":1201,"Name":"Hayfa","Grade":91.6},{"index":1202,"Name":"Orlando","Grade":86.1},{"index":1203,"Name":"Jaden","Grade":94.8},{"index":1204,"Name":"Jordan","Grade":86.9},{"index":1205,"Name":"Amber","Grade":78.0},{"index":1206,"Name":"Xanthus","Grade":72.2},{"index":1207,"Name":"Selma","Grade":59.4},{"index":1208,"Name":"Fleur","Grade":97.3},{"index":1209,"Name":"Carl","Grade":95.2},{"index":1210,"Name":"Keegan","Grade":66.2},{"index":1211,"Name":"Rudyard","Grade":82.7},{"index":1212,"Name":"Lance","Grade":70.6},{"index":1213,"Name":"Arthur","Grade":76.8},{"index":1214,"Name":"Isaiah","Grade":69.9},{"index":1215,"Name":"Justine","Grade":72.8},{"index":1216,"Name":"Levi","Grade":72.8},{"index":1217,"Name":"Jakeem","Grade":78.8},{"index":1218,"Name":"Olivia","Grade":60.6},{"index":1219,"Name":"Dylan","Grade":64.3},{"index":1220,"Name":"Emerson","Grade":76.1},{"index":1221,"Name":"Echo","Grade":76.5},{"index":1222,"Name":"Devin","Grade":83.4},{"index":1223,"Name":"Georgia","Grade":78.4},{"index":1224,"Name":"Darryl","Grade":64.3},{"index":1225,"Name":"Leo","Grade":75.8},{"index":1226,"Name":"Magee","Grade":91.1},{"index":1227,"Name":"Clare","Grade":74.1},{"index":1228,"Name":"Chaney","Grade":75.8},{"index":1229,"Name":"Kyla","Grade":70.9},{"index":1230,"Name":"Leroy","Grade":71.2},{"index":1231,"Name":"Marshall","Grade":77.8},{"index":1232,"Name":"Logan","Grade":81.7},{"index":1233,"Name":"Hamish","Grade":65.9},{"index":1234,"Name":"Illiana","Grade":84.8},{"index":1235,"Name":"Brenda","Grade":73.0},{"index":1236,"Name":"Elmo","Grade":78.4},{"index":1237,"Name":"Willa","Grade":59.2},{"index":1238,"Name":"Naida","Grade":75.9},{"index":1239,"Name":"Sydney","Grade":75.7},{"index":1240,"Name":"Brandon","Grade":78.6},{"index":1241,"Name":"Malik","Grade":87.5},{"index":1242,"Name":"Dai","Grade":84.5},{"index":1243,"Name":"Thane","Grade":76.9},{"index":1244,"Name":"Clark","Grade":66.9},{"index":1245,"Name":"Bevis","Grade":94.8},{"index":1246,"Name":"Pascale","Grade":89.2},{"index":1247,"Name":"Zorita","Grade":80.4},{"index":1248,"Name":"Jerry","Grade":78.2},{"index":1249,"Name":"Hyatt","Grade":82.3},{"index":1250,"Name":"Perry","Grade":81.8},{"index":1251,"Name":"Lance","Grade":98.5},{"index":1252,"Name":"Declan","Grade":83.2},{"index":1253,"Name":"Geraldine","Grade":79.0},{"index":1254,"Name":"Adara","Grade":98.5},{"index":1255,"Name":"Whoopi","Grade":94.8},{"index":1256,"Name":"Lara","Grade":86.0},{"index":1257,"Name":"Rigel","Grade":82.1},{"index":1258,"Name":"Raja","Grade":89.7},{"index":1259,"Name":"Kiona","Grade":84.3},{"index":1260,"Name":"Jade","Grade":75.1},{"index":1261,"Name":"Tana","Grade":92.1},{"index":1262,"Name":"Luke","Grade":88.0},{"index":1263,"Name":"Regan","Grade":97.2},{"index":1264,"Name":"Mufutau","Grade":75.3},{"index":1265,"Name":"Justina","Grade":73.6},{"index":1266,"Name":"Ruby","Grade":79.4},{"index":1267,"Name":"Tucker","Grade":95.6},{"index":1268,"Name":"Kylan","Grade":84.0},{"index":1269,"Name":"Valentine","Grade":100.0},{"index":1270,"Name":"Cheyenne","Grade":81.8},{"index":1271,"Name":"Cleo","Grade":93.9},{"index":1272,"Name":"Tarik","Grade":92.5},{"index":1273,"Name":"Sylvester","Grade":81.0},{"index":1274,"Name":"Samuel","Grade":85.6},{"index":1275,"Name":"Gary","Grade":73.9},{"index":1276,"Name":"Whoopi","Grade":80.2},{"index":1277,"Name":"Melyssa","Grade":71.3},{"index":1278,"Name":"Barclay","Grade":66.3},{"index":1279,"Name":"Georgia","Grade":75.3},{"index":1280,"Name":"Dara","Grade":99.6},{"index":1281,"Name":"Lacy","Grade":82.2},{"index":1282,"Name":"Cameron","Grade":84.5},{"index":1283,"Name":"Caldwell","Grade":91.2},{"index":1284,"Name":"Oliver","Grade":91.1},{"index":1285,"Name":"Samuel","Grade":90.6},{"index":1286,"Name":"Shana","Grade":81.5},{"index":1287,"Name":"Dexter","Grade":97.7},{"index":1288,"Name":"Griffith","Grade":78.5},{"index":1289,"Name":"Chava","Grade":91.6},{"index":1290,"Name":"Oprah","Grade":69.7},{"index":1291,"Name":"Brian","Grade":69.7},{"index":1292,"Name":"Shannon","Grade":78.1},{"index":1293,"Name":"Martin","Grade":76.7},{"index":1294,"Name":"Kaitlin","Grade":79.5},{"index":1295,"Name":"Linus","Grade":73.4},{"index":1296,"Name":"Yoko","Grade":83.1},{"index":1297,"Name":"Gregory","Grade":88.0},{"index":1298,"Name":"Erica","Grade":100.0},{"index":1299,"Name":"Uriah","Grade":74.4},{"index":1300,"Name":"Flynn","Grade":81.6},{"index":1301,"Name":"Cecilia","Grade":68.2},{"index":1302,"Name":"Devin","Grade":99.7},{"index":1303,"Name":"Astra","Grade":69.5},{"index":1304,"Name":"Cairo","Grade":85.9},{"index":1305,"Name":"Riley","Grade":79.0},{"index":1306,"Name":"Nero","Grade":95.5},{"index":1307,"Name":"Hyatt","Grade":87.8},{"index":1308,"Name":"Arthur","Grade":81.1},{"index":1309,"Name":"Odette","Grade":88.3},{"index":1310,"Name":"Ivory","Grade":75.4},{"index":1311,"Name":"Leonard","Grade":89.7},{"index":1312,"Name":"Veda","Grade":88.5},{"index":1313,"Name":"Lenore","Grade":76.4},{"index":1314,"Name":"Ori","Grade":77.2},{"index":1315,"Name":"Odette","Grade":96.2},{"index":1316,"Name":"Darryl","Grade":94.0},{"index":1317,"Name":"Kessie","Grade":62.2},{"index":1318,"Name":"Kylie","Grade":88.2},{"index":1319,"Name":"Fulton","Grade":72.0},{"index":1320,"Name":"Gretchen","Grade":99.4},{"index":1321,"Name":"Noah","Grade":74.9},{"index":1322,"Name":"Magee","Grade":100.0},{"index":1323,"Name":"Caldwell","Grade":71.9},{"index":1324,"Name":"Ciaran","Grade":73.3},{"index":1325,"Name":"Chase","Grade":95.0},{"index":1326,"Name":"Abraham","Grade":73.3},{"index":1327,"Name":"Timothy","Grade":89.1},{"index":1328,"Name":"Ignacia","Grade":100.0},{"index":1329,"Name":"Octavia","Grade":78.4},{"index":1330,"Name":"Quinn","Grade":100.0},{"index":1331,"Name":"Christian","Grade":89.4},{"index":1332,"Name":"Jacob","Grade":74.3},{"index":1333,"Name":"Ulla","Grade":83.9},{"index":1334,"Name":"Zelenia","Grade":97.1},{"index":1335,"Name":"Geraldine","Grade":84.5},{"index":1336,"Name":"Morgan","Grade":92.3},{"index":1337,"Name":"Morgan","Grade":73.0},{"index":1338,"Name":"Vladimir","Grade":83.5},{"index":1339,"Name":"Michael","Grade":80.0},{"index":1340,"Name":"Olympia","Grade":84.2},{"index":1341,"Name":"Richard","Grade":85.9},{"index":1342,"Name":"Petra","Grade":63.3},{"index":1343,"Name":"Kirestin","Grade":88.1},{"index":1344,"Name":"Adam","Grade":82.7},{"index":1345,"Name":"Moana","Grade":72.3},{"index":1346,"Name":"Vielka","Grade":98.0},{"index":1347,"Name":"Indigo","Grade":93.1},{"index":1348,"Name":"Autumn","Grade":78.1},{"index":1349,"Name":"Jamal","Grade":86.9},{"index":1350,"Name":"Kimberley","Grade":93.0},{"index":1351,"Name":"Ashton","Grade":74.0},{"index":1352,"Name":"Uma","Grade":78.5},{"index":1353,"Name":"Haley","Grade":97.7},{"index":1354,"Name":"Regan","Grade":81.1},{"index":1355,"Name":"Gannon","Grade":99.6},{"index":1356,"Name":"Gray","Grade":100.0},{"index":1357,"Name":"Inez","Grade":93.0},{"index":1358,"Name":"Chester","Grade":64.2},{"index":1359,"Name":"Jin","Grade":77.0},{"index":1360,"Name":"Brooke","Grade":79.0},{"index":1361,"Name":"Keefe","Grade":77.7},{"index":1362,"Name":"Harrison","Grade":95.8},{"index":1363,"Name":"Ferris","Grade":78.4},{"index":1364,"Name":"Olympia","Grade":89.4},{"index":1365,"Name":"Jane","Grade":82.4},{"index":1366,"Name":"Colin","Grade":71.7},{"index":1367,"Name":"Calvin","Grade":82.5},{"index":1368,"Name":"Kermit","Grade":89.0},{"index":1369,"Name":"Dolan","Grade":100.0},{"index":1370,"Name":"Kendall","Grade":99.5},{"index":1371,"Name":"Isadora","Grade":95.2},{"index":1372,"Name":"Kathleen","Grade":79.5},{"index":1373,"Name":"Amanda","Grade":75.7},{"index":1374,"Name":"Quinn","Grade":78.7},{"index":1375,"Name":"Howard","Grade":100.0},{"index":1376,"Name":"Merrill","Grade":68.1},{"index":1377,"Name":"Mollie","Grade":91.3},{"index":1378,"Name":"Allistair","Grade":77.1},{"index":1379,"Name":"Claire","Grade":67.1},{"index":1380,"Name":"Ulla","Grade":84.7},{"index":1381,"Name":"Ocean","Grade":79.3},{"index":1382,"Name":"Anthony","Grade":74.2},{"index":1383,"Name":"Mason","Grade":100.0},{"index":1384,"Name":"Cooper","Grade":95.6},{"index":1385,"Name":"Pandora","Grade":88.4},{"index":1386,"Name":"George","Grade":75.0},{"index":1387,"Name":"Kermit","Grade":68.6},{"index":1388,"Name":"Harlan","Grade":85.1},{"index":1389,"Name":"Mariko","Grade":91.1},{"index":1390,"Name":"Rafael","Grade":71.2},{"index":1391,"Name":"Xavier","Grade":79.4},{"index":1392,"Name":"Dorothy","Grade":77.7},{"index":1393,"Name":"Camden","Grade":88.1},{"index":1394,"Name":"Gil","Grade":83.8},{"index":1395,"Name":"Ryan","Grade":88.1},{"index":1396,"Name":"Mikayla","Grade":67.3},{"index":1397,"Name":"Beatrice","Grade":61.1},{"index":1398,"Name":"Halla","Grade":100.0},{"index":1399,"Name":"Ingrid","Grade":72.1},{"index":1400,"Name":"Celeste","Grade":88.6},{"index":1401,"Name":"Shelly","Grade":74.8},{"index":1402,"Name":"Susan","Grade":76.4},{"index":1403,"Name":"Aurelia","Grade":72.2},{"index":1404,"Name":"Ivy","Grade":83.1},{"index":1405,"Name":"Wesley","Grade":86.6},{"index":1406,"Name":"Armand","Grade":95.5},{"index":1407,"Name":"Hamish","Grade":71.2},{"index":1408,"Name":"Sloane","Grade":76.4},{"index":1409,"Name":"Denise","Grade":71.7},{"index":1410,"Name":"Maxwell","Grade":77.9},{"index":1411,"Name":"Elmo","Grade":74.8},{"index":1412,"Name":"Isabelle","Grade":67.9},{"index":1413,"Name":"Cassidy","Grade":98.5},{"index":1414,"Name":"Addison","Grade":91.1},{"index":1415,"Name":"Clayton","Grade":84.1},{"index":1416,"Name":"Dillon","Grade":80.6},{"index":1417,"Name":"Garth","Grade":80.3},{"index":1418,"Name":"Vanna","Grade":77.3},{"index":1419,"Name":"Octavia","Grade":81.0},{"index":1420,"Name":"Melvin","Grade":95.9},{"index":1421,"Name":"Harriet","Grade":100.0},{"index":1422,"Name":"Kendall","Grade":87.2},{"index":1423,"Name":"Yoshio","Grade":94.7},{"index":1424,"Name":"Gregory","Grade":77.5},{"index":1425,"Name":"Wylie","Grade":88.2},{"index":1426,"Name":"Shaine","Grade":100.0},{"index":1427,"Name":"Sonya","Grade":85.1},{"index":1428,"Name":"Lacy","Grade":76.5},{"index":1429,"Name":"Amanda","Grade":78.6},{"index":1430,"Name":"Perry","Grade":86.0},{"index":1431,"Name":"Melanie","Grade":81.5},{"index":1432,"Name":"Lev","Grade":77.2},{"index":1433,"Name":"Vladimir","Grade":83.0},{"index":1434,"Name":"Blossom","Grade":72.7},{"index":1435,"Name":"Neville","Grade":90.8},{"index":1436,"Name":"Acton","Grade":67.0},{"index":1437,"Name":"Mariko","Grade":77.0},{"index":1438,"Name":"Rafael","Grade":75.3},{"index":1439,"Name":"Levi","Grade":63.0},{"index":1440,"Name":"Declan","Grade":89.7},{"index":1441,"Name":"Raven","Grade":86.1},{"index":1442,"Name":"Barbara","Grade":88.7},{"index":1443,"Name":"Sierra","Grade":65.7},{"index":1444,"Name":"Teegan","Grade":81.5},{"index":1445,"Name":"Dolan","Grade":84.1},{"index":1446,"Name":"Idola","Grade":70.0},{"index":1447,"Name":"Zorita","Grade":85.0},{"index":1448,"Name":"Beck","Grade":80.1},{"index":1449,"Name":"Gillian","Grade":63.4},{"index":1450,"Name":"Iona","Grade":77.5},{"index":1451,"Name":"Zachery","Grade":72.2},{"index":1452,"Name":"Kiona","Grade":85.8},{"index":1453,"Name":"Scott","Grade":89.2},{"index":1454,"Name":"Vivian","Grade":86.5},{"index":1455,"Name":"Jermaine","Grade":99.1},{"index":1456,"Name":"Graiden","Grade":66.6},{"index":1457,"Name":"Keegan","Grade":86.3},{"index":1458,"Name":"Cedric","Grade":98.8},{"index":1459,"Name":"Mechelle","Grade":72.0},{"index":1460,"Name":"Jackson","Grade":82.4},{"index":1461,"Name":"Linus","Grade":91.3},{"index":1462,"Name":"Zenaida","Grade":87.4},{"index":1463,"Name":"Larissa","Grade":79.7},{"index":1464,"Name":"Lilah","Grade":93.5},{"index":1465,"Name":"Chastity","Grade":83.6},{"index":1466,"Name":"Dustin","Grade":90.6},{"index":1467,"Name":"Juliet","Grade":85.5},{"index":1468,"Name":"Daphne","Grade":89.7},{"index":1469,"Name":"Orli","Grade":68.0},{"index":1470,"Name":"Gisela","Grade":89.1},{"index":1471,"Name":"Macey","Grade":94.7},{"index":1472,"Name":"Jeremy","Grade":92.3},{"index":1473,"Name":"Duncan","Grade":91.8},{"index":1474,"Name":"Tamara","Grade":74.2},{"index":1475,"Name":"Hannah","Grade":79.8},{"index":1476,"Name":"Alan","Grade":76.4},{"index":1477,"Name":"Calvin","Grade":77.6},{"index":1478,"Name":"Merritt","Grade":68.4},{"index":1479,"Name":"Lysandra","Grade":81.3},{"index":1480,"Name":"Ora","Grade":75.4},{"index":1481,"Name":"September","Grade":100.0},{"index":1482,"Name":"Damian","Grade":71.3},{"index":1483,"Name":"Mercedes","Grade":82.4},{"index":1484,"Name":"Mara","Grade":85.0},{"index":1485,"Name":"Tucker","Grade":83.9},{"index":1486,"Name":"Dominic","Grade":75.5},{"index":1487,"Name":"Karen","Grade":77.4},{"index":1488,"Name":"Fletcher","Grade":71.6},{"index":1489,"Name":"Valentine","Grade":89.1},{"index":1490,"Name":"Larissa","Grade":82.7},{"index":1491,"Name":"Sacha","Grade":78.5},{"index":1492,"Name":"Oliver","Grade":86.4},{"index":1493,"Name":"Leonard","Grade":79.7},{"index":1494,"Name":"Jenna","Grade":56.3},{"index":1495,"Name":"Emily","Grade":89.4},{"index":1496,"Name":"Marny","Grade":86.8},{"index":1497,"Name":"Hanae","Grade":83.7},{"index":1498,"Name":"Sharon","Grade":87.8},{"index":1499,"Name":"Erin","Grade":98.5},{"index":1500,"Name":"Joel","Grade":93.0},{"index":1501,"Name":"Emmanuel","Grade":86.1},{"index":1502,"Name":"Damon","Grade":88.5},{"index":1503,"Name":"Erasmus","Grade":73.4},{"index":1504,"Name":"Sierra","Grade":95.8},{"index":1505,"Name":"Kennan","Grade":80.6},{"index":1506,"Name":"Timothy","Grade":96.7},{"index":1507,"Name":"Ferris","Grade":74.2},{"index":1508,"Name":"Owen","Grade":81.8},{"index":1509,"Name":"Buffy","Grade":79.9},{"index":1510,"Name":"Malachi","Grade":88.3},{"index":1511,"Name":"David","Grade":76.8},{"index":1512,"Name":"Jermaine","Grade":60.5},{"index":1513,"Name":"Lisandra","Grade":80.9},{"index":1514,"Name":"Colin","Grade":63.8},{"index":1515,"Name":"Zane","Grade":70.3},{"index":1516,"Name":"Aiko","Grade":83.1},{"index":1517,"Name":"Akeem","Grade":89.9},{"index":1518,"Name":"Jaden","Grade":88.2},{"index":1519,"Name":"Brody","Grade":76.4},{"index":1520,"Name":"Velma","Grade":74.9},{"index":1521,"Name":"Wayne","Grade":88.8},{"index":1522,"Name":"Levi","Grade":72.0},{"index":1523,"Name":"Jack","Grade":92.0},{"index":1524,"Name":"Carter","Grade":84.2},{"index":1525,"Name":"Randall","Grade":87.8},{"index":1526,"Name":"Kaitlin","Grade":74.3},{"index":1527,"Name":"Zachary","Grade":80.6},{"index":1528,"Name":"Ahmed","Grade":80.0},{"index":1529,"Name":"Lunea","Grade":87.5},{"index":1530,"Name":"Roanna","Grade":81.6},{"index":1531,"Name":"Laurel","Grade":72.1},{"index":1532,"Name":"Audrey","Grade":88.3},{"index":1533,"Name":"Grant","Grade":95.5},{"index":1534,"Name":"Idona","Grade":90.2},{"index":1535,"Name":"Harlan","Grade":96.5},{"index":1536,"Name":"Indira","Grade":80.3},{"index":1537,"Name":"Ali","Grade":72.7},{"index":1538,"Name":"Hedy","Grade":79.2},{"index":1539,"Name":"Isadora","Grade":75.0},{"index":1540,"Name":"Noah","Grade":91.2},{"index":1541,"Name":"Nathaniel","Grade":71.8},{"index":1542,"Name":"Chaney","Grade":87.9},{"index":1543,"Name":"Angela","Grade":66.0},{"index":1544,"Name":"Shea","Grade":92.9},{"index":1545,"Name":"Asher","Grade":100.0},{"index":1546,"Name":"Kirsten","Grade":78.0},{"index":1547,"Name":"Mason","Grade":74.1},{"index":1548,"Name":"Leonard","Grade":69.9},{"index":1549,"Name":"Riley","Grade":70.8},{"index":1550,"Name":"Shoshana","Grade":82.5},{"index":1551,"Name":"Megan","Grade":74.2},{"index":1552,"Name":"Velma","Grade":85.3},{"index":1553,"Name":"Taylor","Grade":94.1},{"index":1554,"Name":"Harding","Grade":66.2},{"index":1555,"Name":"Brenna","Grade":71.4},{"index":1556,"Name":"Lucas","Grade":87.8},{"index":1557,"Name":"Vladimir","Grade":71.8},{"index":1558,"Name":"Casey","Grade":80.4},{"index":1559,"Name":"Quon","Grade":69.2},{"index":1560,"Name":"Baxter","Grade":76.4},{"index":1561,"Name":"Tiger","Grade":98.2},{"index":1562,"Name":"Maia","Grade":87.3},{"index":1563,"Name":"Maia","Grade":78.4},{"index":1564,"Name":"Malachi","Grade":78.9},{"index":1565,"Name":"Clementine","Grade":90.3},{"index":1566,"Name":"Zephr","Grade":97.3},{"index":1567,"Name":"Gay","Grade":88.7},{"index":1568,"Name":"Leila","Grade":72.9},{"index":1569,"Name":"David","Grade":91.3},{"index":1570,"Name":"Travis","Grade":86.1},{"index":1571,"Name":"Kevin","Grade":74.1},{"index":1572,"Name":"Bryar","Grade":80.8},{"index":1573,"Name":"Linda","Grade":61.7},{"index":1574,"Name":"Akeem","Grade":85.1},{"index":1575,"Name":"Leandra","Grade":67.1},{"index":1576,"Name":"Flavia","Grade":71.1},{"index":1577,"Name":"Allegra","Grade":80.9},{"index":1578,"Name":"Geoffrey","Grade":82.5},{"index":1579,"Name":"Wyoming","Grade":87.0},{"index":1580,"Name":"Ulric","Grade":81.9},{"index":1581,"Name":"Adara","Grade":68.2},{"index":1582,"Name":"MacKenzie","Grade":77.4},{"index":1583,"Name":"Brenden","Grade":82.2},{"index":1584,"Name":"Lewis","Grade":86.6},{"index":1585,"Name":"Renee","Grade":68.4},{"index":1586,"Name":"Burke","Grade":65.8},{"index":1587,"Name":"Kirby","Grade":97.3},{"index":1588,"Name":"Katelyn","Grade":77.0},{"index":1589,"Name":"Jaime","Grade":77.9},{"index":1590,"Name":"Dillon","Grade":60.3},{"index":1591,"Name":"Harper","Grade":85.6},{"index":1592,"Name":"Alden","Grade":80.5},{"index":1593,"Name":"Jane","Grade":95.0},{"index":1594,"Name":"Gray","Grade":76.0},{"index":1595,"Name":"Colt","Grade":94.1},{"index":1596,"Name":"Matthew","Grade":85.7},{"index":1597,"Name":"Abra","Grade":71.7},{"index":1598,"Name":"Xander","Grade":68.6},{"index":1599,"Name":"Brody","Grade":93.8},{"index":1600,"Name":"Phillip","Grade":87.9},{"index":1601,"Name":"Barbara","Grade":93.7},{"index":1602,"Name":"Petra","Grade":92.5},{"index":1603,"Name":"Blaze","Grade":85.7},{"index":1604,"Name":"Dylan","Grade":90.0},{"index":1605,"Name":"Clio","Grade":100.0},{"index":1606,"Name":"Wynne","Grade":95.1},{"index":1607,"Name":"Shelly","Grade":74.0},{"index":1608,"Name":"Macon","Grade":88.2},{"index":1609,"Name":"Rae","Grade":89.8},{"index":1610,"Name":"Isaiah","Grade":82.3},{"index":1611,"Name":"Garrett","Grade":78.1},{"index":1612,"Name":"Carson","Grade":96.4},{"index":1613,"Name":"Warren","Grade":82.3},{"index":1614,"Name":"Yolanda","Grade":71.1},{"index":1615,"Name":"Callum","Grade":76.9},{"index":1616,"Name":"Lydia","Grade":83.0},{"index":1617,"Name":"Galena","Grade":92.1},{"index":1618,"Name":"Marshall","Grade":78.8},{"index":1619,"Name":"Sasha","Grade":73.9},{"index":1620,"Name":"Tanner","Grade":97.9},{"index":1621,"Name":"Gisela","Grade":92.8},{"index":1622,"Name":"Howard","Grade":97.1},{"index":1623,"Name":"Kenneth","Grade":86.1},{"index":1624,"Name":"Halee","Grade":93.8},{"index":1625,"Name":"Avye","Grade":84.4},{"index":1626,"Name":"Tanisha","Grade":75.3},{"index":1627,"Name":"Dora","Grade":89.9},{"index":1628,"Name":"Freya","Grade":89.4},{"index":1629,"Name":"Cassady","Grade":100.0},{"index":1630,"Name":"Cullen","Grade":84.3},{"index":1631,"Name":"Kim","Grade":90.2},{"index":1632,"Name":"Warren","Grade":79.5},{"index":1633,"Name":"Alan","Grade":87.3},{"index":1634,"Name":"Blossom","Grade":100.0},{"index":1635,"Name":"Velma","Grade":76.4},{"index":1636,"Name":"Kaitlin","Grade":86.4},{"index":1637,"Name":"Griffin","Grade":83.0},{"index":1638,"Name":"Constance","Grade":75.3},{"index":1639,"Name":"Colorado","Grade":100.0},{"index":1640,"Name":"Nolan","Grade":71.5},{"index":1641,"Name":"Hadassah","Grade":79.2},{"index":1642,"Name":"Fitzgerald","Grade":80.4},{"index":1643,"Name":"Madeline","Grade":80.3},{"index":1644,"Name":"Nicholas","Grade":85.2},{"index":1645,"Name":"Marvin","Grade":72.8},{"index":1646,"Name":"Keiko","Grade":69.5},{"index":1647,"Name":"Gray","Grade":71.2},{"index":1648,"Name":"Odessa","Grade":76.7},{"index":1649,"Name":"Igor","Grade":100.0},{"index":1650,"Name":"Denise","Grade":100.0},{"index":1651,"Name":"Rhona","Grade":90.3},{"index":1652,"Name":"Desiree","Grade":98.1},{"index":1653,"Name":"Xavier","Grade":66.0},{"index":1654,"Name":"Ivor","Grade":68.9},{"index":1655,"Name":"Elvis","Grade":82.5},{"index":1656,"Name":"Lester","Grade":83.9},{"index":1657,"Name":"Rashad","Grade":84.5},{"index":1658,"Name":"Rhoda","Grade":72.8},{"index":1659,"Name":"Honorato","Grade":100.0},{"index":1660,"Name":"Anjolie","Grade":80.8},{"index":1661,"Name":"Alvin","Grade":83.7},{"index":1662,"Name":"Garrison","Grade":87.2},{"index":1663,"Name":"Hunter","Grade":95.2},{"index":1664,"Name":"Shafira","Grade":85.5},{"index":1665,"Name":"Avram","Grade":100.0},{"index":1666,"Name":"Macey","Grade":84.0},{"index":1667,"Name":"Penelope","Grade":83.1},{"index":1668,"Name":"Kane","Grade":70.6},{"index":1669,"Name":"Alvin","Grade":91.5},{"index":1670,"Name":"Tanner","Grade":80.7},{"index":1671,"Name":"Kelsie","Grade":83.7},{"index":1672,"Name":"Cheyenne","Grade":61.3},{"index":1673,"Name":"Hermione","Grade":79.9},{"index":1674,"Name":"Hanae","Grade":83.1},{"index":1675,"Name":"Vladimir","Grade":84.1},{"index":1676,"Name":"Plato","Grade":71.8},{"index":1677,"Name":"Ariana","Grade":78.1},{"index":1678,"Name":"Nevada","Grade":81.3},{"index":1679,"Name":"Carter","Grade":71.4},{"index":1680,"Name":"Clayton","Grade":100.0},{"index":1681,"Name":"Gabriel","Grade":94.4},{"index":1682,"Name":"Aurora","Grade":81.0},{"index":1683,"Name":"Pandora","Grade":90.3},{"index":1684,"Name":"Jocelyn","Grade":86.9},{"index":1685,"Name":"Amos","Grade":69.3},{"index":1686,"Name":"May","Grade":77.3},{"index":1687,"Name":"Cara","Grade":81.3},{"index":1688,"Name":"Dolan","Grade":86.0},{"index":1689,"Name":"Felix","Grade":89.7},{"index":1690,"Name":"Abbot","Grade":81.0},{"index":1691,"Name":"Flavia","Grade":82.5},{"index":1692,"Name":"Inez","Grade":60.9},{"index":1693,"Name":"Nigel","Grade":77.3},{"index":1694,"Name":"Ross","Grade":71.1},{"index":1695,"Name":"Virginia","Grade":92.0},{"index":1696,"Name":"Gloria","Grade":88.4},{"index":1697,"Name":"Lyle","Grade":81.9},{"index":1698,"Name":"Oscar","Grade":79.2},{"index":1699,"Name":"Chandler","Grade":81.9},{"index":1700,"Name":"Karen","Grade":71.8},{"index":1701,"Name":"Demetria","Grade":77.2},{"index":1702,"Name":"Karly","Grade":89.3},{"index":1703,"Name":"Lucius","Grade":93.1},{"index":1704,"Name":"Shafira","Grade":98.1},{"index":1705,"Name":"Sonia","Grade":83.1},{"index":1706,"Name":"Rhona","Grade":78.7},{"index":1707,"Name":"Timothy","Grade":64.0},{"index":1708,"Name":"Colin","Grade":86.0},{"index":1709,"Name":"Katelyn","Grade":82.6},{"index":1710,"Name":"Jorden","Grade":87.6},{"index":1711,"Name":"Josiah","Grade":83.6},{"index":1712,"Name":"Yuri","Grade":60.8},{"index":1713,"Name":"Carolyn","Grade":72.5},{"index":1714,"Name":"Raja","Grade":98.6},{"index":1715,"Name":"Brenden","Grade":72.8},{"index":1716,"Name":"Hector","Grade":88.2},{"index":1717,"Name":"Wang","Grade":79.1},{"index":1718,"Name":"Nita","Grade":92.1},{"index":1719,"Name":"Gay","Grade":100.0},{"index":1720,"Name":"Kelsie","Grade":73.8},{"index":1721,"Name":"Lysandra","Grade":92.2},{"index":1722,"Name":"Brynn","Grade":75.0},{"index":1723,"Name":"Harrison","Grade":91.5},{"index":1724,"Name":"Carol","Grade":100.0},{"index":1725,"Name":"Leonard","Grade":95.6},{"index":1726,"Name":"Hyatt","Grade":89.1},{"index":1727,"Name":"Kirk","Grade":77.0},{"index":1728,"Name":"Lee","Grade":99.7},{"index":1729,"Name":"Adam","Grade":88.2},{"index":1730,"Name":"Henry","Grade":75.7},{"index":1731,"Name":"Hop","Grade":68.3},{"index":1732,"Name":"Dolan","Grade":76.9},{"index":1733,"Name":"Naomi","Grade":100.0},{"index":1734,"Name":"Marcia","Grade":79.4},{"index":1735,"Name":"Xenos","Grade":85.5},{"index":1736,"Name":"Oscar","Grade":90.3},{"index":1737,"Name":"Miriam","Grade":95.0},{"index":1738,"Name":"Chiquita","Grade":74.6},{"index":1739,"Name":"Chadwick","Grade":90.3},{"index":1740,"Name":"Warren","Grade":62.6},{"index":1741,"Name":"Griffin","Grade":73.2},{"index":1742,"Name":"Keegan","Grade":70.7},{"index":1743,"Name":"Skyler","Grade":66.3},{"index":1744,"Name":"Maggy","Grade":85.1},{"index":1745,"Name":"Leandra","Grade":89.5},{"index":1746,"Name":"Unity","Grade":91.6},{"index":1747,"Name":"Mufutau","Grade":66.0},{"index":1748,"Name":"Jaden","Grade":61.2},{"index":1749,"Name":"Raya","Grade":83.1},{"index":1750,"Name":"Montana","Grade":88.9},{"index":1751,"Name":"Astra","Grade":75.3},{"index":1752,"Name":"Chandler","Grade":87.5},{"index":1753,"Name":"Galena","Grade":72.1},{"index":1754,"Name":"Darrel","Grade":91.5},{"index":1755,"Name":"Ali","Grade":76.9},{"index":1756,"Name":"Colorado","Grade":76.2},{"index":1757,"Name":"Gannon","Grade":93.3},{"index":1758,"Name":"Omar","Grade":66.6},{"index":1759,"Name":"Hoyt","Grade":90.2},{"index":1760,"Name":"Cameron","Grade":79.3},{"index":1761,"Name":"Uta","Grade":83.9},{"index":1762,"Name":"Gavin","Grade":87.9},{"index":1763,"Name":"Kay","Grade":83.5},{"index":1764,"Name":"Joan","Grade":89.8},{"index":1765,"Name":"Mercedes","Grade":79.0},{"index":1766,"Name":"Brynn","Grade":87.5},{"index":1767,"Name":"Justina","Grade":90.2},{"index":1768,"Name":"Camden","Grade":88.2},{"index":1769,"Name":"Angela","Grade":73.3},{"index":1770,"Name":"Leandra","Grade":94.4},{"index":1771,"Name":"William","Grade":64.2},{"index":1772,"Name":"Odette","Grade":68.2},{"index":1773,"Name":"Ava","Grade":75.0},{"index":1774,"Name":"Xavier","Grade":69.0},{"index":1775,"Name":"Amethyst","Grade":66.1},{"index":1776,"Name":"Ulric","Grade":80.9},{"index":1777,"Name":"Brandon","Grade":83.1},{"index":1778,"Name":"Dolan","Grade":72.3},{"index":1779,"Name":"Aspen","Grade":96.8},{"index":1780,"Name":"Signe","Grade":71.8},{"index":1781,"Name":"Lunea","Grade":85.3},{"index":1782,"Name":"Alvin","Grade":90.1},{"index":1783,"Name":"Herman","Grade":88.4},{"index":1784,"Name":"Keane","Grade":97.3},{"index":1785,"Name":"Peter","Grade":83.2},{"index":1786,"Name":"Neil","Grade":79.1},{"index":1787,"Name":"Cairo","Grade":88.0},{"index":1788,"Name":"Caryn","Grade":83.5},{"index":1789,"Name":"Aspen","Grade":77.2},{"index":1790,"Name":"Josiah","Grade":86.1},{"index":1791,"Name":"Gareth","Grade":83.0},{"index":1792,"Name":"Germaine","Grade":85.3},{"index":1793,"Name":"Lev","Grade":71.8},{"index":1794,"Name":"Jackson","Grade":91.2},{"index":1795,"Name":"Martin","Grade":77.0},{"index":1796,"Name":"Drake","Grade":96.0},{"index":1797,"Name":"Armando","Grade":97.5},{"index":1798,"Name":"Clark","Grade":89.2},{"index":1799,"Name":"Wanda","Grade":84.7},{"index":1800,"Name":"Shay","Grade":77.7},{"index":1801,"Name":"Quentin","Grade":85.5},{"index":1802,"Name":"Karleigh","Grade":97.3},{"index":1803,"Name":"Xaviera","Grade":92.5},{"index":1804,"Name":"Clayton","Grade":86.9},{"index":1805,"Name":"Oprah","Grade":78.7},{"index":1806,"Name":"Katelyn","Grade":74.0},{"index":1807,"Name":"Amal","Grade":66.3},{"index":1808,"Name":"Akeem","Grade":76.2},{"index":1809,"Name":"Aubrey","Grade":87.1},{"index":1810,"Name":"Candice","Grade":68.9},{"index":1811,"Name":"Colby","Grade":82.8},{"index":1812,"Name":"Cooper","Grade":80.1},{"index":1813,"Name":"Whoopi","Grade":76.1},{"index":1814,"Name":"Mona","Grade":78.8},{"index":1815,"Name":"Jocelyn","Grade":61.1},{"index":1816,"Name":"Reece","Grade":83.5},{"index":1817,"Name":"Vera","Grade":83.6},{"index":1818,"Name":"Caleb","Grade":76.8},{"index":1819,"Name":"Buckminster","Grade":79.6},{"index":1820,"Name":"Dexter","Grade":72.0},{"index":1821,"Name":"Gage","Grade":77.7},{"index":1822,"Name":"Kendall","Grade":85.7},{"index":1823,"Name":"Charles","Grade":74.3},{"index":1824,"Name":"Brynn","Grade":64.7},{"index":1825,"Name":"Alec","Grade":90.1},{"index":1826,"Name":"Rogan","Grade":71.9},{"index":1827,"Name":"Hashim","Grade":79.9},{"index":1828,"Name":"Quintessa","Grade":73.5},{"index":1829,"Name":"Odette","Grade":85.0},{"index":1830,"Name":"Xander","Grade":71.0},{"index":1831,"Name":"Jenna","Grade":81.7},{"index":1832,"Name":"Kylan","Grade":81.7},{"index":1833,"Name":"Dahlia","Grade":82.3},{"index":1834,"Name":"Phillip","Grade":100.0},{"index":1835,"Name":"Maxwell","Grade":100.0},{"index":1836,"Name":"Louis","Grade":100.0},{"index":1837,"Name":"Sophia","Grade":82.0},{"index":1838,"Name":"Vera","Grade":100.0},{"index":1839,"Name":"Ann","Grade":93.1},{"index":1840,"Name":"Calista","Grade":91.5},{"index":1841,"Name":"Len","Grade":90.1},{"index":1842,"Name":"Bo","Grade":79.9},{"index":1843,"Name":"Wilma","Grade":80.7},{"index":1844,"Name":"Yael","Grade":100.0},{"index":1845,"Name":"Salvador","Grade":99.9},{"index":1846,"Name":"Roary","Grade":85.4},{"index":1847,"Name":"Christen","Grade":73.9},{"index":1848,"Name":"Graham","Grade":99.3},{"index":1849,"Name":"Judah","Grade":95.2},{"index":1850,"Name":"Geoffrey","Grade":86.6},{"index":1851,"Name":"Slade","Grade":83.2},{"index":1852,"Name":"Danielle","Grade":89.0},{"index":1853,"Name":"Murphy","Grade":100.0},{"index":1854,"Name":"Kareem","Grade":82.5},{"index":1855,"Name":"Henry","Grade":78.4},{"index":1856,"Name":"Keely","Grade":84.3},{"index":1857,"Name":"Honorato","Grade":93.9},{"index":1858,"Name":"Chaim","Grade":77.1},{"index":1859,"Name":"Todd","Grade":88.7},{"index":1860,"Name":"Tara","Grade":77.1},{"index":1861,"Name":"India","Grade":85.5},{"index":1862,"Name":"Alfreda","Grade":76.8},{"index":1863,"Name":"Paki","Grade":90.6},{"index":1864,"Name":"Harper","Grade":73.3},{"index":1865,"Name":"Charles","Grade":87.3},{"index":1866,"Name":"Michelle","Grade":95.1},{"index":1867,"Name":"Porter","Grade":81.0},{"index":1868,"Name":"Clayton","Grade":86.4},{"index":1869,"Name":"Inez","Grade":74.3},{"index":1870,"Name":"Levi","Grade":55.9},{"index":1871,"Name":"Lyle","Grade":88.8},{"index":1872,"Name":"Mariko","Grade":69.5},{"index":1873,"Name":"James","Grade":82.7},{"index":1874,"Name":"Tatum","Grade":91.1},{"index":1875,"Name":"Lyle","Grade":76.6},{"index":1876,"Name":"Isabella","Grade":92.5},{"index":1877,"Name":"Gage","Grade":77.2},{"index":1878,"Name":"Graham","Grade":88.2},{"index":1879,"Name":"Helen","Grade":94.5},{"index":1880,"Name":"Chanda","Grade":64.9},{"index":1881,"Name":"Karly","Grade":86.6},{"index":1882,"Name":"Fitzgerald","Grade":59.8},{"index":1883,"Name":"Jayme","Grade":90.7},{"index":1884,"Name":"Angela","Grade":81.5},{"index":1885,"Name":"Dana","Grade":93.7},{"index":1886,"Name":"Ifeoma","Grade":75.1},{"index":1887,"Name":"Cairo","Grade":87.2},{"index":1888,"Name":"Fitzgerald","Grade":93.4},{"index":1889,"Name":"Carlos","Grade":92.4},{"index":1890,"Name":"Macy","Grade":84.1},{"index":1891,"Name":"Halla","Grade":68.4},{"index":1892,"Name":"Illiana","Grade":82.0},{"index":1893,"Name":"Juliet","Grade":100.0},{"index":1894,"Name":"Tamekah","Grade":70.9},{"index":1895,"Name":"Lucian","Grade":64.9},{"index":1896,"Name":"Isaac","Grade":80.9},{"index":1897,"Name":"Hakeem","Grade":90.6},{"index":1898,"Name":"Basil","Grade":84.1},{"index":1899,"Name":"Nora","Grade":98.9},{"index":1900,"Name":"Malik","Grade":86.8},{"index":1901,"Name":"Abbot","Grade":87.5},{"index":1902,"Name":"Tanek","Grade":89.5},{"index":1903,"Name":"Phyllis","Grade":92.4},{"index":1904,"Name":"Vance","Grade":91.5},{"index":1905,"Name":"Sandra","Grade":86.4},{"index":1906,"Name":"Carol","Grade":87.3},{"index":1907,"Name":"Zenaida","Grade":95.6},{"index":1908,"Name":"Ezekiel","Grade":62.8},{"index":1909,"Name":"Reece","Grade":84.6},{"index":1910,"Name":"Gail","Grade":56.1},{"index":1911,"Name":"Neil","Grade":94.9},{"index":1912,"Name":"Piper","Grade":73.4},{"index":1913,"Name":"Maxwell","Grade":68.7},{"index":1914,"Name":"Iris","Grade":79.2},{"index":1915,"Name":"Zoe","Grade":83.7},{"index":1916,"Name":"Kevin","Grade":60.1},{"index":1917,"Name":"Orson","Grade":85.1},{"index":1918,"Name":"Lionel","Grade":84.9},{"index":1919,"Name":"Mari","Grade":97.5},{"index":1920,"Name":"Stewart","Grade":80.7},{"index":1921,"Name":"Levi","Grade":85.5},{"index":1922,"Name":"Phelan","Grade":100.0},{"index":1923,"Name":"Jeanette","Grade":85.0},{"index":1924,"Name":"Xanthus","Grade":59.8},{"index":1925,"Name":"Keelie","Grade":84.2},{"index":1926,"Name":"Lillith","Grade":92.4},{"index":1927,"Name":"Sandra","Grade":71.9},{"index":1928,"Name":"Jarrod","Grade":76.1},{"index":1929,"Name":"Yolanda","Grade":80.3},{"index":1930,"Name":"Felix","Grade":87.3},{"index":1931,"Name":"Luke","Grade":70.1},{"index":1932,"Name":"Rana","Grade":88.5},{"index":1933,"Name":"Adena","Grade":100.0},{"index":1934,"Name":"Bert","Grade":84.9},{"index":1935,"Name":"Jada","Grade":74.6},{"index":1936,"Name":"Orla","Grade":91.3},{"index":1937,"Name":"Hayden","Grade":83.5},{"index":1938,"Name":"Demetria","Grade":92.5},{"index":1939,"Name":"Castor","Grade":82.7},{"index":1940,"Name":"Alisa","Grade":80.3},{"index":1941,"Name":"Maxine","Grade":87.4},{"index":1942,"Name":"Wilma","Grade":67.0},{"index":1943,"Name":"Kirk","Grade":83.7},{"index":1944,"Name":"Nadine","Grade":70.1},{"index":1945,"Name":"Brianna","Grade":100.0},{"index":1946,"Name":"Thane","Grade":82.4},{"index":1947,"Name":"Yvette","Grade":72.8},{"index":1948,"Name":"Ezekiel","Grade":74.5},{"index":1949,"Name":"Armando","Grade":93.8},{"index":1950,"Name":"Kaseem","Grade":97.1},{"index":1951,"Name":"Lydia","Grade":71.7},{"index":1952,"Name":"Tatum","Grade":75.0},{"index":1953,"Name":"Erin","Grade":71.4},{"index":1954,"Name":"Beatrice","Grade":82.5},{"index":1955,"Name":"Carlos","Grade":98.7},{"index":1956,"Name":"Neve","Grade":79.8},{"index":1957,"Name":"Aileen","Grade":91.4},{"index":1958,"Name":"Craig","Grade":66.4},{"index":1959,"Name":"Chelsea","Grade":91.4},{"index":1960,"Name":"Emerald","Grade":78.4},{"index":1961,"Name":"Nero","Grade":88.3},{"index":1962,"Name":"August","Grade":87.2},{"index":1963,"Name":"Colleen","Grade":70.2},{"index":1964,"Name":"Zenaida","Grade":91.3},{"index":1965,"Name":"Lavinia","Grade":62.2},{"index":1966,"Name":"Stone","Grade":87.4},{"index":1967,"Name":"Aurora","Grade":90.3},{"index":1968,"Name":"Carlos","Grade":82.2},{"index":1969,"Name":"Randall","Grade":83.1},{"index":1970,"Name":"Armando","Grade":93.2},{"index":1971,"Name":"Haley","Grade":90.4},{"index":1972,"Name":"Fritz","Grade":79.5},{"index":1973,"Name":"Allistair","Grade":74.2},{"index":1974,"Name":"Ella","Grade":68.0},{"index":1975,"Name":"Felix","Grade":75.2},{"index":1976,"Name":"Dean","Grade":74.5},{"index":1977,"Name":"Quinlan","Grade":85.6},{"index":1978,"Name":"Kiara","Grade":82.7},{"index":1979,"Name":"Kai","Grade":100.0},{"index":1980,"Name":"Maxine","Grade":91.9},{"index":1981,"Name":"Leah","Grade":100.0},{"index":1982,"Name":"Kalia","Grade":61.4},{"index":1983,"Name":"Anthony","Grade":93.1},{"index":1984,"Name":"Joshua","Grade":72.7},{"index":1985,"Name":"Akeem","Grade":74.4},{"index":1986,"Name":"Indigo","Grade":91.3},{"index":1987,"Name":"Price","Grade":78.6},{"index":1988,"Name":"Quinn","Grade":78.0},{"index":1989,"Name":"John","Grade":91.2},{"index":1990,"Name":"Adena","Grade":70.2},{"index":1991,"Name":"Craig","Grade":64.9},{"index":1992,"Name":"Isabelle","Grade":78.5},{"index":1993,"Name":"Risa","Grade":74.3},{"index":1994,"Name":"Emerson","Grade":67.5},{"index":1995,"Name":"Cody","Grade":80.1},{"index":1996,"Name":"Geraldine","Grade":100.0},{"index":1997,"Name":"Mercedes","Grade":84.9},{"index":1998,"Name":"Lucius","Grade":69.1},{"index":1999,"Name":"Linus","Grade":79.6}]}
